"NICA","TIPO_VIA","NOMBRE_VIA","NUMERO","ESCALERA","PISO","PUERTA","COD_POSTAL","PROVINCIA","LOCALIDAD","MUNICIPIO","TELEFONO","AMP_DOMICILIO"
18959,"CL","SANTILLANA",6,,,,4510,"ALMERIA",,"ABLA",950351019,
18958,"CL","ANDALUCIA",3,,,,4520,"ALMERIA",,"ABRUCENA",950350021,
18869,"CL","VULCANO",2,,,,4770,"ALMERIA","(CURVA (LA))","ADRA",,
18969,"CR","DE ALMERIA",3,,,,4770,"ALMERIA","(PUENTE DEL RIO)","ADRA",950568463,
18946,"CL","NATALIO RIVAS",29,,,,4770,"ALMERIA",,"ADRA",950400625,
18966,"CL","NATALIO RIVAS",94,,,,4770,"ALMERIA",,"ADRA",950400671,"LOCAL A"
19218,"CL","NATALIO RIVAS",48,,,,4770,"ALMERIA",,"ADRA",950400724,
18970,"CL","FABRICA",82,,,,4770,"ALMERIA",,"ADRA",950401358,
18864,"CL","NATALIO RIVAS",35,,,,4770,"ALMERIA",,"ADRA",950401678,
18933,"CL","NATALIO RIVAS",9,,,,4770,"ALMERIA",,"ADRA",,
19228,"CL","GARCIA LOPEZ",14,,,,4857,"ALMERIA",,"ALBANCHEZ",950122019,
19236,"CL","IGLESIA",3,,,,4531,"ALMERIA",,"ALBOLODUY",950644855,
19041,"CR","DE ALBOX A CHIRIVEL",,,,,4812,"ALMERIA","(LLANO DE LOS OLLERES)","ALBOX",950434170,
18932,"PZ","SAN FRANCISCO",24,,,,4800,"ALMERIA",,"ALBOX",950120234,
19146,"CL","SAN VICENTE DE PAUL","S/N",,,,4800,"ALMERIA",,"ALBOX",950121079,
19082,"PZ","GARCIA HARO",1,,,,4800,"ALMERIA",,"ALBOX",950430037,
18870,"CR","CARRETERA",3,,,,4480,"ALMERIA",,"ALCOLEA",950513060,
19135,"CR","CARRETERA S/N",,,,,4897,"ALMERIA",,"ALCONTAR",950426070,
19227,"CL","OLMOS","S/N",,,,4276,"ALMERIA",,"ALCUDIA DE MONTEAGUD",950434873,
18884,"CL","SAN JUAN",1,,,,4567,"ALMERIA",,"ALHABIA",950644000,
18868,"CL","PABLO RUIZ PICASO",8,,,,4400,"ALMERIA",,"ALHAMA DE ALMERIA",950640277,
18895,"CL","NUEVA",10,,,,4408,"ALMERIA",,"ALICUN",950643293,
18782,"CR","DE NIJAR",,,,,4130,"ALMERIA","(ALQUIAN (EL))","ALMERIA",950297850,
18924,"CR","VIATOR S/N",,,,,4130,"ALMERIA","(ALQUIAN (EL))","ALMERIA",950297955,
31202,"ZZ","TERMINAL DEL AEROPUERTO DE ALMERIA",,,,,4130,"ALMERIA","(ALQUIAN (EL))","ALMERIA",,
19052,"CL","IGLESIA",16,,,,4150,"ALMERIA","(CABO DE GATA)","ALMERIA",950370025,
19255,"CR","DE NIJAR",239,,,,4120,"ALMERIA","(CAÑADA DE SAN URBANO (LA))","ALMERIA",950291121,
19183,"CR","DE NIJAR",204,,,,4120,"ALMERIA","(CAÑADA DE SAN URBANO (LA))","ALMERIA",950291781,
18930,"CR","DE NIJAR",160,,,,4120,"ALMERIA","(CAÑADA DE SAN URBANO (LA))","ALMERIA",950291781,
19238,"CL","POTASIO",5,,,,4120,"ALMERIA","(CAÑADA DE SAN URBANO (LA))","ALMERIA",,"LOMA CABRERA"
19043,"PS","DEL TOYO",58,,,,4131,"ALMERIA","(RETAMAR)","ALMERIA",950207144,
28052,"CM","DE LA MARQUESA",13,,,,4131,"ALMERIA","(RETAMAR)","ALMERIA",950221756,
19050,"CL","NTRA.SRA.DEL SALIENTE",,,,,4008,"ALMERIA",,"ALMERIA",950140806,
18915,"CL","SIERRA DE GREDOS,","S/N",,,,4009,"ALMERIA",,"ALMERIA",950140995,"EDIF. CALIFORNIA, LOCALES 3, 4, 5"
19131,"CR","DE HUERCAL",16,,,,4009,"ALMERIA",,"ALMERIA",950142320,
19222,"AV","MEDITERRANEO S/N",,,,,4006,"ALMERIA",,"ALMERIA",950145331,
18813,"CL","ARCIPRESTE DE HITA",16,,,,4006,"ALMERIA",,"ALMERIA",950220065,
18898,"CR","DE NIJAR",382,,,,4009,"ALMERIA",,"ALMERIA",950220749,
18809,"CL","GREGORIO MARAÑON",43,,,,4006,"ALMERIA",,"ALMERIA",950221599,
18979,"CL","MANUEL AZAÑA",3,,,,4006,"ALMERIA",,"ALMERIA",950222352,
18897,"CL","ALTAMIRA",22,,,,4005,"ALMERIA",,"ALMERIA",950223739,
26781,"CR","NIJAR",247,,,,4009,"ALMERIA",,"ALMERIA",950223792,
19178,"CL","BENITO PEREZ GALDOS",14,,,,4006,"ALMERIA",,"ALMERIA",950223883,
19048,"CL","SANTIAGO",110,,,,4006,"ALMERIA",,"ALMERIA",950224791,
19136,"AV","MEDITERRANEO",239,,,,4006,"ALMERIA",,"ALMERIA",950225431,
18834,"AV","BLAS INFANTE",44,,,,4006,"ALMERIA",,"ALMERIA",950226257,
19148,"AV","MENENDEZ PIDAL",70,,,,4009,"ALMERIA",,"ALMERIA",950226323,
19122,"CR","DEL MAMI",81,,,,4009,"ALMERIA",,"ALMERIA",950226385,
19049,"AV","MARE NOSTRUM",48,,,,4009,"ALMERIA",,"ALMERIA",950226397,
18956,"CL","MIRLO",1,,,,4009,"ALMERIA",,"ALMERIA",950229332,
18779,"CL","CASTELAR",6,,,,4001,"ALMERIA",,"ALMERIA",950230012,
19170,"CL","PASEO DE ALMERIA",19,,,,4001,"ALMERIA",,"ALMERIA",950230090,
18786,"AV","PABLO IGLESIAS",61,,,,4003,"ALMERIA",,"ALMERIA",950230408,
18921,"AV","CABO DE GATA",33,,,,4007,"ALMERIA",,"ALMERIA",950230501,
19115,"CL","REAL",52,,,,4002,"ALMERIA",,"ALMERIA",950230560,
18892,"CL","RESTOY",20,,,,4003,"ALMERIA",,"ALMERIA",950230602,
18925,"CR","GRANADA",,,,,4008,"ALMERIA",,"ALMERIA",950230675,"BLOQUE 1"
18973,"CL","JUAN CUADRADO",24,,,,4008,"ALMERIA",,"ALMERIA",950230810,
19036,"PS","DE ALMERIA",4,,,,4001,"ALMERIA",,"ALMERIA",950230930,
18974,"CL","JUAN LIROLA",16,,,,4004,"ALMERIA",,"ALMERIA",950231003,
19051,"CL","GRANADA",14,,,,4003,"ALMERIA",,"ALMERIA",950231248,
19132,"CL","MURCIA",41,,,,4004,"ALMERIA",,"ALMERIA",950231260,
19220,"CL","SANTOS ZARATE",38,,,,4004,"ALMERIA",,"ALMERIA",950231794,
19129,"CL","MARCHALES",21,,,,4008,"ALMERIA",,"ALMERIA",950232394,
19175,"CL","GRANADA",100,,,,4003,"ALMERIA",,"ALMERIA",950233648,
18812,"CL","DAVID",16,,,,4008,"ALMERIA",,"ALMERIA",950233801,
19219,"CL","ALFARERIAS",4,,,,4003,"ALMERIA",,"ALMERIA",950234388,
18846,"CL","REAL",19,,,,4001,"ALMERIA",,"ALMERIA",950234597,
19171,"CL","ALFAREROS",1,,,,4003,"ALMERIA",,"ALMERIA",950234600,
19035,"CL","DR. PACO PEREZ",19,,,,4003,"ALMERIA",,"ALMERIA",950234979,
18926,"CL","LINARES",37,,,,4002,"ALMERIA",,"ALMERIA",950235039,
18783,"CL","PEDRO JOVER",1,,,,4002,"ALMERIA",,"ALMERIA",950235455,
18888,"CL","JAVIER SANZ",4,,,,4004,"ALMERIA",,"ALMERIA",950235859,
19176,"PZ","PAVIA",2,,,,4002,"ALMERIA",,"ALMERIA",950236192,
18845,"PZ","PUERTA DE PURCHENA",1,,,,4001,"ALMERIA",,"ALMERIA",950236298,
18871,"CL","MUELLE",35,,,,4002,"ALMERIA",,"ALMERIA",950236980,
19213,"CL","PASEO DE ALMERIA",51,,,,4001,"ALMERIA",,"ALMERIA",950236984,
18891,"PZ","VIRGEN DEL MAR",9,,,,4001,"ALMERIA",,"ALMERIA",950237047,
19084,"CL","LARGO CABALLERO",53,,,,4008,"ALMERIA",,"ALMERIA",950237265,
19157,"CL","CONDE OFALIA",18,,,,4001,"ALMERIA",,"ALMERIA",950237368,
19156,"PS","DE ALMERIA",39,,,,4001,"ALMERIA",,"ALMERIA",950237703,
18917,"CL","JOAQUIN PERALTA",3,,,,4004,"ALMERIA",,"ALMERIA",950238544,
18781,"CL","PROLONGACION BILBAO",103,,,,4007,"ALMERIA",,"ALMERIA",950240628,
18928,"AV","CABO DE GATA",108,,,,4007,"ALMERIA",,"ALMERIA",950241957,
18975,"CL","CELIA VIÑAS",12,,,,4007,"ALMERIA",,"ALMERIA",950242447,
19118,"CL","COSTA BALEAR",,,,,4008,"ALMERIA",,"ALMERIA",950242933,"EDIF. RESIDENCIAL PELICANO, LOCAL 8"
19172,"CL","CASTILLA",14,,,,4007,"ALMERIA",,"ALMERIA",950243058,"ESQUINA PLZA. DE ESPAÑA"
18831,"CL","VILLARICOS",9,,,,4007,"ALMERIA",,"ALMERIA",950243860,
19243,"PZ","NIÑO JESUS",7,,,,4007,"ALMERIA",,"ALMERIA",950243868,
18817,"CL","JAUL",15,,,,4007,"ALMERIA",,"ALMERIA",950244307,
18838,"AV","DE MADRID",2,,,,4007,"ALMERIA",,"ALMERIA",950244425,
18978,"CL","RAFAEL ALBERTI",16,,,,4004,"ALMERIA",,"ALMERIA",950244530,
19038,"CL","REAL DEL BARRIO ALTO",57,,,,4005,"ALMERIA",,"ALMERIA",950250242,
19233,"CL","PASEO DE ALMERIA",104,,,,4001,"ALMERIA",,"ALMERIA",950250423,
18839,"CL","REAL DEL BARRIO ALTO",149,,,,4005,"ALMERIA",,"ALMERIA",950250438,
18863,"AV","MONSERRAT",17,,,,4006,"ALMERIA",,"ALMERIA",950252094,
18929,"CL","SOLDADO ESPAÑOL",10,,,,4005,"ALMERIA",,"ALMERIA",950253169,
19224,"CR","DE RONDA",325,,,,4006,"ALMERIA",,"ALMERIA",950253557,
19033,"CL","VECINA CONCHA RUIZ",69,,,,4008,"ALMERIA",,"ALMERIA",950254286,
19141,"CL","MURCIA",162,,,,4004,"ALMERIA",,"ALMERIA",950254343,
19079,"AV","SANTA ISABEL",37,,,,4008,"ALMERIA",,"ALMERIA",950254636,
18771,"CL","CALZADA DE CASTRO",32,,,,4006,"ALMERIA",,"ALMERIA",950255289,
19180,"CL","PACO AQUINO",41,,,,4005,"ALMERIA",,"ALMERIA",950266839,
19054,"CL","PADRE MENDEZ",58,,,,4006,"ALMERIA",,"ALMERIA",950268069,
19152,"CL","DR.CARRACIDO",,,,,4005,"ALMERIA",,"ALMERIA",950268213,
18927,"CL","ALCAZAR","S/N",,,,4006,"ALMERIA",,"ALMERIA",950268468,
19138,"AV","SAN JUAN BOSCO",32,,,,4005,"ALMERIA",,"ALMERIA",950268530,
19251,"CL","HERMANOS MACHADO",29,,,,4004,"ALMERIA",,"ALMERIA",950270549,
18844,"CL","GERONA",13,,,,4001,"ALMERIA",,"ALMERIA",950271424,
19147,"PZ","MARIN",1,,,,4003,"ALMERIA",,"ALMERIA",950272520,
19081,"AV","DE LA ESTACION",2,,,,4005,"ALMERIA",,"ALMERIA",950272842,
19139,"CL","PEDRO JOVER",49,,,,4002,"ALMERIA",,"ALMERIA",950273055,
18947,"AV","DE ALHAMBRA",19,,,,4007,"ALMERIA",,"ALMERIA",950274065,
18876,"CL","LA PILARICA","S/N",,,,4009,"ALMERIA",,"ALMERIA",950274211,"JUNTO A PORTAL Nº 9"
18832,"AV","CABO DE GATA",265,,,,4007,"ALMERIA",,"ALMERIA",950274658,
19127,"AV","FEDERICO GARCIA LORCA",,,,,4004,"ALMERIA",,"ALMERIA",950275765,
19047,"AV","DE LA ESTACION",36,,,,4006,"ALMERIA",,"ALMERIA",950276552,
19249,"CL","MEJORANA",,,,,4003,"ALMERIA",,"ALMERIA",950277121,"FASE 1"
19253,"CL","LOPAN",13,,,,4008,"ALMERIA",,"ALMERIA",950281011,
18875,"RB","AMATISTEROS",9,,,,4009,"ALMERIA",,"ALMERIA",950281119,
32047,"CL","GREGORIO MARAÑON",43,,,,4005,"ALMERIA",,"ALMERIA",,
19215,"CL","REAL",6,,,,4457,"ALMERIA",,"ALMOCITA",950510405,
18916,"CR","DE GRANADA",4,,,,4564,"ALMERIA",,"ALSODUX",950644015,
18824,"PS","DEL HUERTO",3,,,,4628,"ALMERIA",,"ANTAS",950453061,
19112,"CL","BARRANCO",21,,,,4660,"ALMERIA",,"ARBOLEAS",950449450,
19231,"CL","MAESTRO ARENAS",1,,,,4888,"ALMERIA",,"ARMUÑA DE ALMANZORA",950421215,
18987,"CL","NUEVA",1,,,,4889,"ALMERIA",,"BACARES",950421129,
18816,"CL","GRANADA",12,,,,4479,"ALMERIA",,"BAYARCAL",950512854,
18822,"CL","Escuelas",4,,,,4891,"ALMERIA",,"BAYARQUE",950420683,
18773,"CL","LOS LLANOS,","S/N",,,,4288,"ALMERIA",,"BEDAR",950398200,"LOCAL 2"
19116,"CL","SEVILLA",38,,,,4410,"ALMERIA",,"BENAHADUX",950310028,
19234,"PZ","MAYOR","S/N",,,,4276,"ALMERIA",,"BENIZALON",950361807,
18900,"CL","RUIZ MUÑOZ",15,,,,4570,"ALMERIA",,"BENTARIQUE",,
19039,"CL","VELEZ RUBIO S/N",,,,,4713,"ALMERIA","(BALANEGRA)","BERJA",950406066,
18867,"PZ","CONSTITUCION",11,,,,4760,"ALMERIA",,"BERJA",950490005,
18945,"CL","MANUEL SALMERON",18,,,,4760,"ALMERIA",,"BERJA",950490108,
19056,"CL","NICOLAS SALMERON",10,,,,4760,"ALMERIA",,"BERJA",950490930,
19055,"AV","MANUEL SALMERON",107,,,,4760,"ALMERIA",,"BERJA",950492176,
18828,"CL","MARQUEZ DE INIZA",11,,,,4760,"ALMERIA",,"BERJA",950492939,
18787,"AV","28 DE FEBRERO",93,,,,4768,"ALMERIA",,"BERJA",,
19169,"CL","REAL",4,,,,4450,"ALMERIA",,"CANJAYAR",950511020,
19155,"CL","LA ERMITA",44,,,,4850,"ALMERIA",,"CANTORIA",950436033,
18982,"CL","AVENIDA DE GARRUCHA",10,,,,4140,"ALMERIA",,"CARBONERAS",950130011,
18922,"CL","CASTILLO",2,,,,4140,"ALMERIA",,"CARBONERAS",950454508,
32098,"AV","DE ALMERIA",24,,,,4140,"ALMERIA",,"CARBONERAS",,
19161,"CL","TERCIA",3,,,,4858,"ALMERIA",,"COBDAR",950122215,
23088,"CL","MAYOR","S/N",,,,4618,"ALMERIA","(PALOMARES)","CUEVAS DEL ALMANZORA",950467201,"EDIF. 4º MILENIO, LOCAL 3"
18986,"CL","EL PILAR",13,,,,4610,"ALMERIA",,"CUEVAS DEL ALMANZORA",950456028,
19182,"CL","POETA ALVAREZ DE SOTOMAYOR",,,,,4610,"ALMERIA",,"CUEVAS DEL ALMANZORA",950456083,
19144,"AV","BARCELONA",109,,,,4610,"ALMERIA",,"CUEVAS DEL ALMANZORA",950456339,
18960,"CL","PLAZA DE LA CONSTITUCION,",2,,,,4861,"ALMERIA",,"CHERCOS",950122524,
18818,"CL","CONSTITUCION",6,,,,4825,"ALMERIA",,"CHIRIVEL",950413003,
18918,"PZ","DEL AYUNTAMIENTO",7,,,,4750,"ALMERIA",,"DALIAS",950494007,
19216,"CL","MALAGA",4,,,,4729,"ALMERIA",,"ENIX",950559710,
19245,"UR","LA HUERTA",13,,,,4739,"ALMERIA",,"FELIX",950559621,
18953,"CL","PRINCIPE FELIPE",7,,,,4869,"ALMERIA",,"FINES",950444098,
18889,"CL","VISTILLAS",3,,,,4500,"ALMERIA",,"FIÑANA",950352024,
18980,"CL","SAN SEBASTIAN",11,,,,4500,"ALMERIA",,"FIÑANA",950352034,
18954,"CL","POETA MARTIN DEL REY",2,,,,4460,"ALMERIA",,"FONDON",950513305,
19226,"AV","LA PAZ",2,,,,4560,"ALMERIA",,"GADOR",950645203,
18883,"CL","MAYOR",34,,,,4280,"ALMERIA",,"GALLARDOS (LOS)",950469082,
19083,"CL","MAYOR",144,,,,4630,"ALMERIA",,"GARRUCHA",950460085,
18984,"CL","SEBASTIAN PEREZ",5,,,,4550,"ALMERIA",,"GERGAL",950353002,
19235,"CM","CRISTOBAL DIAZ",11,,,,4409,"ALMERIA",,"HUECIJA",950640025,
19240,"CL","REAL",11,,,,4230,"ALMERIA",,"HUERCAL DE ALMERIA",950300157,
19181,"CR","HUERCAL S/N",,,,,4230,"ALMERIA",,"HUERCAL DE ALMERIA",950300649,"ACCESO A TORRECARDENAS"
19042,"CR","COMARCAL 321 S/N",,,,,4693,"ALMERIA","(SANTA MARIA DE NIEVA)","HUERCAL-OVERA",950137191,
31162,"CL","DOCTOR JIMENEZ DIAZ","S/N",,,,4600,"ALMERIA",,"HUERCAL-OVERA",950456413,
18810,"PZ","CONSTITUCION",5,,,,4600,"ALMERIA",,"HUERCAL-OVERA",950470014,
18784,"AV","GUILLERMO REINA",7,,,,4600,"ALMERIA",,"HUERCAL-OVERA",950470040,
19078,"PZ","DE LA CONSTITUCION",14,,,,4600,"ALMERIA",,"HUERCAL-OVERA",950470082,
18963,"AV","GUILLERMO REINA",24,,,,4600,"ALMERIA",,"HUERCAL-OVERA",950470410,"LOCAL 17-A"
19053,"AV","PRINCIPE DE ASTURIAS",28,,,,4431,"ALMERIA",,"ILLAR",950647036,
18972,"CL","CONCHA ROS",5,,,,4430,"ALMERIA",,"INSTINCION",950648034,
18819,"CL","ESTACION",20,,,,4868,"ALMERIA",,"LAROYA",950442141,
19121,"CL","CANALEJAS",10,,,,4470,"ALMERIA",,"LAUJAR DE ANDARAX",950513213,
18776,"CL","PARRAL",22,,,,4859,"ALMERIA",,"LIJAR",950122204,
18772,"CL","ALMERIA",,,,,4271,"ALMERIA",,"LUBRIN",950477125,
18808,"CL","ALMERIA",21,,,,4210,"ALMERIA",,"LUCAINENA DE LAS TORRES",950364361,
19046,"CL","SARGENTO GALERA",1,,,,4887,"ALMERIA",,"LUCAR",950424611,
18837,"PZ","LA CONSTITUCION",2,,,,4867,"ALMERIA",,"MACAEL",950445011,
18971,"PZ","DE LA PISÁ DEL CABALLO",1,,,,4867,"ALMERIA",,"MACAEL",950445431,
18910,"CL","JUAN ALIAGA",3,,,,4838,"ALMERIA",,"MARIA",950417105," ESQUINA MARTIRES DE TURON"
19185,"AV","MEDITERRANEO S/N, ESQUINA A C/ ZURBARAN",237,,,,4638,"ALMERIA",,"MOJACAR",950615069,
18770,"CL","PEDRO VILLAZAR",2,,,,4638,"ALMERIA",,"MOJACAR",,
18811,"CL","IGLESIA",1,,,,4638,"ALMERIA",,"MOJACAR",,
18814,"CL","GRANADA",12,,,,4540,"ALMERIA",,"NACIMIENTO",950350537,
19117,"CR","DEL IRYDA S/N",,,,,4110,"ALMERIA","(CAMPOHERMOSO)","NIJAR",950385358,
19120,"CL","ISABEL LA CATOLICA",3,,,,4110,"ALMERIA","(CAMPOHERMOSO)","NIJAR",950513213,
18861,"AV","CONSTITUCION",15,,,,4117,"ALMERIA","(SAN ISIDRO DE NIJAR)","NIJAR",950366009,
18985,"CL","CORREOS S/N",,,,,4118,"ALMERIA","(SAN JOSE)","NIJAR",950380087,
19114,"CL","FEDERICO GARCIA LORCA",58,,,,4100,"ALMERIA",,"NIJAR",950360200,
18965,"CL","AGUILAR",3,,,,4459,"ALMERIA",,"OHANES",950510365,
19179,"CL","GRANADA",7,,,,4860,"ALMERIA",,"OLULA DEL RIO",950441010,
19184,"CL","RAMON Y CAJAL",50,,,,4860,"ALMERIA",,"OLULA DEL RIO",950441258,
18913,"CL","PORCHE",6,,,,4810,"ALMERIA",,"ORIA",950122762,
18955,"CL","RUIZ OCAÑA",20,,,,4458,"ALMERIA",,"PADULES",950510029,
27809,"CL","JOSE ANTONIO",6,,,,4810,"ALMERIA",,"PARTALOA",,
19154,"CR","LAUJAR",18,,,,4479,"ALMERIA",,"PATERNA DEL RIO",950513632,
19126,"CL","ESPRONCEDA",1,,,,4250,"ALMERIA",,"PECHINA",950317182,
27801,"AV","DE LOS ANTONES",28,,,,4600,"ALMERIA","(PULPI)","PULPI",,
18827,"AV","ANDALUCIA",78,,,,4640,"ALMERIA",,"PULPI",950464047,
18842,"PZ","GENERALISIMO",10,,,,4870,"ALMERIA",,"PURCHENA",950423113,
18780,"CR","DEL CARMEN",16,,,,4440,"ALMERIA",,"RAGOL",950648074,
19153,"PZ","CONSTITUCION",11,,,,4260,"ALMERIA",,"RIOJA",950310278,
18777,"AV","CARLOS I II",565,,,,4720,"ALMERIA","(AGUADULCE)","ROQUETAS DE MAR",950340242,
19044,"PS","MARITIMO",,,,,4720,"ALMERIA","(AGUADULCE)","ROQUETAS DE MAR",950345009,"PARCELA H3"
19133,"AV","CARLOS III,",312,,,,4720,"ALMERIA","(AGUADULCE)","ROQUETAS DE MAR",950349800,
19160,"AV","JUAN DE AUSTRIA",158,,,,4720,"ALMERIA","(AGUADULCE)","ROQUETAS DE MAR",,
18914,"CR","DE LA MOJONERA",502,,,,4740,"ALMERIA","(CORTIJOS DE MARIN)","ROQUETAS DE MAR",950322532,
18968,"AV","LAS MARINAS",186,,,,4740,"ALMERIA","(MARINAS (LAS))","ROQUETAS DE MAR",950334207,
18778,"CL","MARMOLES",2,,,,4742,"ALMERIA","(PARADOR DE LAS HORTICHUELAS (EL))","ROQUETAS DE MAR",950341744,
18830,"AV","MEDITERRANEO",12/13,,,,4740,"ALMERIA","(ROQUETAS DE MAR)","ROQUETAS DE MAR",950333919,"CENTRO COMERCIAL ANDALUZ, LOCALES 12 Y 13"
18829,"UR","PLAYA SERENA",3,,,,4740,"ALMERIA","(URBANIZACION ROQUETAS DE MAR)","ROQUETAS DE MAR",950333844,"EDIFICIO LOS FLAMENCOS, LOCAL 3"
18815,"CL","NICOLAS NAVAS","S/N",,,,4740,"ALMERIA",,"ROQUETAS DE MAR",950320029,
18821,"AV","FARO SABINAL",1,,,,4740,"ALMERIA",,"ROQUETAS DE MAR",950320778,
19225,"CL","PABLO PICASSO",139,,,,4740,"ALMERIA",,"ROQUETAS DE MAR",950320933,
18860,"CL","JUAN BONACHERA",36,,,,4740,"ALMERIA",,"ROQUETAS DE MAR",950320975,
19143,"CR","LA MOJONERA S/N",,,,,4740,"ALMERIA",,"ROQUETAS DE MAR",950321060,
19149,"CL","LABRADORES, ESQUINA C/ MOLINA",,,,,4740,"ALMERIA",,"ROQUETAS DE MAR",950322671,
18841,"CR","SABINAL",309,,,,4740,"ALMERIA",,"ROQUETAS DE MAR",950323805,"BIS"
19158,"AV","JUAN CARLOS I",70,,,,4740,"ALMERIA",,"ROQUETAS DE MAR",,
18873,"CL","PIEDRA CASTAÑO",10,,,,4568,"ALMERIA",,"SANTA CRUZ DE MARCHENA",950643188,
18981,"CL","IGLESIA",3,,,,4420,"ALMERIA",,"SANTA FE DE MONDUJAR",950640365,
19214,"CL","ALMERIA",8,,,,4213,"ALMERIA",,"SENES",950362336,
19123,"CL","VELAZQUEZ",2,,,,4890,"ALMERIA",,"SERON",950426028,
18964,"CL","REAL",115,,,,4890,"ALMERIA",,"SERON",950426038,
19242,"CL","CRUZ COLORADA",1,,,,4878,"ALMERIA",,"SIERRO",950423372,
18893,"PZ","DEL SANTO",8,,,,4877,"ALMERIA",,"SOMONTIN",950424500,
18826,"CL","CABO MELENDEZ",1,,,,4270,"ALMERIA",,"SORBAS",950364102,
18949,"CL","LAS ERAS,",23,,,,4878,"ALMERIA",,"SUFLI",950423411,
19124,"CL","ZAMORA",44,,,,4200,"ALMERIA",,"TABERNAS",950365231,
19113,"AV","DE MURCIA,","S/N",,,,4692,"ALMERIA",,"TABERNO",950123082,
19037,"CL","CASTILLO S/N",,,,,4275,"ALMERIA",,"TAHAL",950434829,
18865,"CL","REAL",20,,,,4569,"ALMERIA",,"TERQUE",950643330,
18977,"CR","DEL SOCORRO",45,,,,4880,"ALMERIA",,"TIJOLA",950420177,
19247,"CL","CARRERA DEL SOCORRO",14,,,,4880,"ALMERIA",,"TIJOLA",950420179,
19229,"CL","LAS TIENDAS",1,,,,4639,"ALMERIA",,"TURRE",950479012,
19221,"PZ","DE LA IGLESIA",10,,,,4211,"ALMERIA",,"TURRILLAS",,
18931,"CL","FRONTON S/N",,,,,4279,"ALMERIA",,"ULEILA DEL CAMPO",950363155,
19223,"CL","PILAR",10,,,,4879,"ALMERIA",,"URRACAL",950424589,
18874,"CL","ALMERIA",2,,,,4212,"ALMERIA",,"VELEFIQUE",950365391,
19119,"CL","SAN LAZARO",7,,,,4830,"ALMERIA",,"VELEZ-BLANCO",950415201,
19244,"CL","CLAVEL",3,,,,4830,"ALMERIA",,"VELEZ-BLANCO",950415457,
19151,"CL","JUAN M. ARENAL",1,,,,4820,"ALMERIA",,"VELEZ-RUBIO",950410010,
19167,"CL","CARRIL",19,,,,4820,"ALMERIA",,"VELEZ-RUBIO",950410033,
18890,"CL","SAN FRANCISCO",6,,,,4820,"ALMERIA",,"VELEZ-RUBIO",950410206,
18923,"CR","VERA A GARRUCHA",,,,,4620,"ALMERIA",,"VERA",950132279,"LAS MARINAS DE VERA"
18806,"CL","ALFREDO ALMUNIA",18,,,,4620,"ALMERIA",,"VERA",950390136,
18805,"AV","MEDITERRANEO",60,,,,4620,"ALMERIA",,"VERA",950390712,
24478,"CR","VERA A GARRUCHA","S/N",,,,4620,"ALMERIA",,"VERA",,
19232,"CR","DE ALMERIA",12,,,,4240,"ALMERIA",,"VIATOR",950300380,
18862,"PZ","CONSTITUCION",3,,,,4240,"ALMERIA",,"VIATOR",950300437,
19134,"AV","DEL MEDITERRANEO",28,,,,4738,"ALMERIA","(LLANOS DE VICAR)","VICAR",950539509,
18919,"AV","BULEVAR CIUDAD DE VICAR",672,,,,4736,"ALMERIA","(GANGOSA (LA))","VICAR",950343402,
27175,"AV","DEL GUADALQUIVIR",2,,,,4738,"ALMERIA","(GANGOSA (LA))","VICAR",,
19239,"CL","AGUA",14,,,,4737,"ALMERIA","(PUEBLA DE VICAR)","VICAR",950553201,
18920,"CL","ALCALA",8,,,,4738,"ALMERIA","(CABAÑUELAS (LAS))","VICAR",950554225,
18899,"AV","CARLOS III,",2,,,,4738,"ALMERIA",,"VICAR",950341659,
18807,"CL","FERNANDEZ CUESTA",15,,,,4650,"ALMERIA",,"ZURGENA",950449181,
19252,"CL","CAMACHA",28,,,,4530,"ALMERIA",,"TRES VILLAS (LAS)",950350788,"DOÑA MARIA"
18835,"UR","DARSENA DE PONIENTE","S/N",,,,4700,"ALMERIA","(ALMERIMAR)","EJIDO (EL)",950497107,
18911,"CL","PRINCESA SOFIA",32,,,,4712,"ALMERIA","(BALERMA)","EJIDO (EL)",950407211,
26897,"CL","SIERRA NEVADA",11,,,,4700,"ALMERIA","(EJIDO (EL))","EJIDO (EL)",,
26898,"AV","JUAN CARLOS I",32,,,,4700,"ALMERIA","(EJIDO (EL))","EJIDO (EL)",,
18967,"CR","GUARDIAS VIEJAS",,,,,4715,"ALMERIA","(BAÑOS DE GUARDIAS VIEJAS (LOS))","EJIDO (EL)",950498935,
19159,"CR","SAN AGUSTIN",1,,,,4716,"ALMERIA","(NORIAS DE DAZA (LAS))","EJIDO (EL)",950587553,
19168,"CL","AGUA",25,,,,4716,"ALMERIA","(SAN AGUSTIN)","EJIDO (EL)",950536357,
19230,"CL","VALENCIA",2,,,,4710,"ALMERIA","(SANTA MARIA DEL AGUILA)","EJIDO (EL)",850583193,
18823,"AV","DAZA CASTAÑEDA",122,,,,4710,"ALMERIA","(SANTA MARIA DEL AGUILA)","EJIDO (EL)",950580501,
19034,"CR","DE MALAGA",119,,,,4700,"ALMERIA",,"EJIDO (EL)",950480211,
18825,"AV","OASIS",128,,,,4701,"ALMERIA",,"EJIDO (EL)",950480561,"SANTO DOMINGO"
19174,"CL","LOMA DE LA MEZQUITA","49-51",,,,4700,"ALMERIA",,"EJIDO (EL)",950480630,
18775,"CR","DE MALAGA",243,,,,4700,"ALMERIA",,"EJIDO (EL)",950481051,
19040,"CR","DE MALAGA",195,,,,4700,"ALMERIA",,"EJIDO (EL)",950481105,
19241,"CR","VENTA PAMPANICO",368,,,,4700,"ALMERIA",,"EJIDO (EL)",950486306,
24838,"PS","DE LAS LOMAS",123,,,,4700,"ALMERIA",,"EJIDO (EL)",950486856,
18836,"AV","EUROPA ESQ. CON DOCTOR FLEMING","S/N",,,,4740,"ALMERIA","(MOJONERA (LA))","MOJONERA (LA)",950330008,
18866,"CL","SOLERA",45,,,,4741,"ALMERIA",,"MOJONERA (LA)",950330780,
