"T_NUM_EXP";"T_TITULO";"T_DESCRIPCION";"C_UNI_ORG_ENVIA";"D_OBJETO";"D_FORMA_ADJ";"N_IMPORTE"
"001961/2014/AAEE/CAT";"Adquisición equipo informático";"";"AAEE";"Suministro";"Encargo de ejecución";790,13
"002178/2013/AAIICC/CAT";"2013-PI-GIP-Adquisición portatil HP 8470P para Cástulo";"Adquisición de ordenador portátil Modelo HP 8470P con maletín, ampliación de garantía a 3 años y WINDOWS 7 PROFESSIONAL 64BIT";"AAIICC";"Suministro";"Contrato Menor";1007,93
"000216/2015/AAIICC/CAT";"2015PI-CINEM-Adquisición de un equipo de diseño CINEMATOGRAFIA-1002";"adquisición de un equipo de diseño para la Unidad de Cinematografía de la AAIICC";"AAIICC";"Suministro";"Contrato Menor";1491,76
"002208/2013/AAIICC/CAT";"2013PI-ARTESC-Adquisición portátil HP 8570P para Sede Rey Chico-1712";"Adquisición de un portátil modelo Hp 8570P a través del CBH para la sede de escénica técnica en Granada (Sede Rey Chico) y otro de iguales características para Yac. Arq. de Cástulo.";"AAIICC";"Suministro";"Contrato Menor";1975,93
"002437/2014/AAIICC/CAT";"2014PI-GIP-Adquisición portátil proyecto Europa creativa-1112";"Adquisición de un portátil para la Unidad de Gerencia de Instituciones Patrimoniales para el proyecto ""Europa Creativa""";"AAIICC";"Suministro";"Contrato Menor";1212,72
"001872/2014/AAIICC/CAT";"Equipos de diseño CDEAE y Unidad Gip";"2 equipos de diseño";"AAIICC";"Suministro";"Contrato Menor";3019,82
"001967/2013/AAIICC/CAT";"2013-PI-GIP-PORTATIL-TOSHIBA-SATELLITEL870_1311";"Adquisición portátil Toshiba, modelo satélite L870 con instalación adicional de sistema operativo WINDOWS 7 PROFESSIONAL, maletín, web cam y DVD interno";"AAIICC";"Suministro";"Contrato Menor";946,22
"002436/2014/AAIICC/CAT";"2014PI-GIP-Adquisición 2 PC sobremesa Europa creativa-1112";"Adquisición 2 PC de sobremesa para la Unidad Gerencia de Instituciones Patrimoniales - ""proyecto Europa Creativa""";"AAIICC";"Suministro";"Contrato Menor";2024,48
"001270/2014/AAIICC/CAT";"2014PG-TC-Adquisición deshumidificador para servidor Teatro central-2207";"Adquisición de deshumidificador para servidor Teatro Central";"AAIICC";"Suministro";"Contrato Menor";0
"001865/2014/ADCA/CAT";"Compra de 15 micoordenadores de sobremesa";"Compra 15 microordenadores de sobremesa con licencia de Windows 7 incluida como accesorio";"ADCA";"Suministro";"Contrato Menor";10327,35
"000030/2015/AGAPA/CAT";"SUMINISTRO PARA LA RENOVACION DEL PARQUE DE ORDENADORES DE SOBREMESA DE LAS OFICINAS COMARCALES AGRARIAS DE LA AGAPA";"SUMINISTRO PARA LA RENOVACION DEL PARQUE DE ORDENADORES DE SOBREMESA DE LAS OFICINAS COMARCALES AGRARIAS DE LA AGAPA";"AGAPA";"Suministro";"Negociado SIN publicidad";290053,62
"001232/2014/AGAPA/CAT";"COMPRA DE FAX PARA OCAs";"COMPRA DE FAX PARA OCAs";"AGAPA";"Obra";"Encargo de ejecución";0
"000031/2015/AGAPA/CAT";"SUMINISTRO PARA LA RENOVACION DEL PARQUE DE ORDENADORES DE SOBREMESA DE LOS LABORATORIOS DE LA AGAPA";"SUMINISTRO PARA LA RENOVACION DEL PARQUE DE ORDENADORES DE SOBREMESA DE LOS LABORATORIOS DE LA AGAPA";"AGAPA";"Suministro";"Negociado SIN publicidad";21351,43
"001284/2014/AGAPA/CAT";"SUMINISTRO SISTEMAS DE IMPRESION CORPORATIVA";"";"AGAPA";"Suministro";"Negociado SIN publicidad";0
"000540/2014/CAA/CAT";"Adquisición de 1 microordenador portatil.Esta solicitud sustituye a la 000491/2014/CAA/CAT ";"HP PROBOOK 450 G1";"CAA";"Obra";"Encargo de ejecución";732,05
"000453/2015/CAA/CAT";"CONTRATO DE SUMINISTRO DE 40 MICROORDENADORES DE ESCRITORIO -CATALOGO DE BIENES HOMOLOGADOS- PARA EL CONSEJO AUDIOVISUAL DE ANDALUCÍA ";"SUMINISTRO DE 40 MICROORDENADORES DE ESCRITORIO";"CAA";"Suministro";"Contrato Menor";15780
"000380/2015/CAA/CAT";"CONTRATO DE SUMINISTRO DE 40 MICROORDENADORES DE ESCRITORIO -CATALOGO DE BIENES HOMOLOGADOS- PARA EL CONSEJO AUDIOVISUAL DE ANDALUCÍA";"";"CAA";"Suministro";"Contrato Menor";19093,8
"000263/2014/CAA/CAT";"Adquisición de 1 microordenador portatil";"Adquisición de 1 microordenador portatil";"CAA";"Suministro";"Contrato Menor";732,05
"000491/2014/CAA/CAT";"Adquisición de 2 microordenadores portátiles";"HP PTOBOOK 450 G1.";"CAA";"Suministro";"Contrato Menor";1464,1
"001895/2014/CAAC/CAT";"Compra de 8 ordenadores y 8 licencias Windows para el CAAC";"";"CAAC";"Suministro";"Contrato Menor";4520,56
"000149/2014/CAAC/CAT";"Compra de 5 PC para el CAAC";"";"CAAC";"Suministro";"Contrato Menor";3037,1
"000449/2014/CALRI/CAT";"Suministro ordenadores y portatiles";"Suministro ordenadores y portatiles";"CALRI";"Suministro";"Contrato Menor";21304,47
"001095/2014/CALRI/CAT";" Impresoras laser color y una monocromo para la AACID";" Impresoras laser color y una monocromo para la AACID";"CALRI";"Suministro";"Contrato Menor";3282,01
"001682/2014/CAPDR/CAT";"ADQUISICIÓN DE 600 TARJETAS CRIPTOGRÁFICAS HOMOLOGADAS  PARA LA CONSEJERÍA DE AGRICULTURA, PESCA Y DESARROLLO RURAL";"ADQUISICIÓN DE 600 TARJETAS CRIPTOGRÁFICAS HOMOLOGADAS  PARA LA CONSEJERÍA DE AGRICULTURA, PESCA Y DESARROLLO RURAL";"CAPDER";"Suministro";"Contrato Menor";7325,4
"001169/2014/CAPDR/CAT";"ADQUISICIÓN DE 330 ORDENADORES PERSONALES PARA LAS DELEGACIONES TERRITORIALES DE AGRICULTURA, PESCA Y MEDIO AMBIENTE";"ADQUISICIÓN DE 330 ORDENADORES PERSONALES PARA LAS DELEGACIONES TERRITORIALES DE AGRICULTURA, PESCA Y MEDIO AMBIENTE";"CAPDER";"Suministro";"Otras formas de ejecución";225494,39
"001646/2014/CAPDR/CAT";"ADQUISICIÓN DE 23 ORDENADORES PORTÁTILES HOMOLOGADOS PARA LOS SERVICIOS CENTRALES DE LA CONSEJERÍA DE AGRICULTURA, PESCA Y DESARROLLO RURAL";"ADQUISICIÓN DE 23 ORDENADORES PORTÁTILES HOMOLOGADOS PARA LOS SERVICIOS CENTRALES DE LA CONSEJERÍA DE AGRICULTURA, PESCA Y DESARROLLO RURAL";"CAPDER";"Suministro";"Contrato Menor";21771,53
"002438/2014/CAPDER/CAT";"ADQUISICIÓN DE 2 PROYECTORES MULTIMEDIA PARA LA DIRECCIÓN GENERAL DE FONDOS AGRARIOS DE LA CONSEJERÍA DE AGRICULTURA, PESCA Y DESARROLLO RURAL.";"";"CAPDER";"Suministro";"Contrato Menor";1716,22
"002521/2014/CAPDER/CAT";"ADQUISICIÓN DE 35 MICROORDENADORES DE SOBREMESA PARA LA DIRECCIÓN GENERAL DE FONDOS AGRARIOS";"ADQUISICIÓN DE 35 MICROORDENADORES DE SOBREMESA PARA LA DIRECCIÓN GENERAL DE FONDOS AGRARIOS";"CAPDER";"Suministro";"Contrato Menor";27176,45
"002536/2014/CAPDER/CAT";"ADQUISICIÓN DE 10 ORDENADORES PORTÁTILES PARA LOS  SERVICIOS CENTRALES DE CONSEJERÍA DE AGRICULTURA, PESCA Y DESARROLLO RURAL";"";"CAPDER";"Suministro";"Contrato Menor";0
"002522/2014/CAPDER/CAT";"ADQUISICIÓN DE 7 PORTÁTILES PARA LA DIRECCIÓN GENERAL DE FONDOS AGRARIOS";"ADQUISICIÓN DE  7 PORTÁTILES PARA LA DIRECCIÓN GENERAL DE FONDOS AGRARIOS";"CAPDER";"Suministro";"Contrato Menor";8529,29
"002538/2014/CAPDER/CAT";"ADQUISICIÓN DE 28 ORDENADORES PERSONALES PARA LA DIRECCIÓN GENERAL DE FONDOS AGRARIOS DE LA CONSEJERÍA DE AGRICULTURA, PESCA Y DESARROLLO RURAL";"";"CAPDER";"Suministro";"Contrato Menor";21741,16
"002535/2014/CAPDER/CAT";"ADQUISICIÓN DE 28 ORDENADORES PERSONALES PARA LOS  SERVICIOS CENTRALES DE CONSEJERÍA DE AGRICULTURA, PESCA Y DESARROLLO RURAL";"";"CAPDER";"Suministro";"Contrato Menor";21741,16
"002537/2014/CAPDER/CAT";"ADQUISICIÓN DE 10 ORDENADORES PORTÁTILES PARA LA DIRECCIÓN GENERAL DE FONDOS AGRARIOS DE LA CONSEJERÍA DE AGRICULTURA, PESCA Y DESARROLLO RURAL";"";"CAPDER";"Suministro";"Contrato Menor";12184,7
"001164/2014/CAPDR/CAT";"ADQUISICIÓN DE 80 ORDENADORES PERSONALES PARA LOS  SERVICIOS CENTRALES DE CONSEJERÍA DE AGRICULTURA, PESCA Y DESARROLLO RURAL";"ADQUISICIÓN DE 80 ORDENADORES PERSONALES PARA LOS  SERVICIOS CENTRALES DE CONSEJERÍA DE AGRICULTURA, PESCA Y DESARROLLO RURAL";"CAPDER";"Suministro";"Otras formas de ejecución";48036,03
"001699/2014/CAPDR/CAT";"ADQUISICIÓN DE 22 ORDENADORES PORTÁTILES HOMOLOGADOS PARA LAS DELEGACIONES TERRITORIALES DE AGRICULTURA, PESCA Y MEDIO AMBIENTE";"ADQUISICIÓN DE 22 ORDENADORES PORTÁTILES HOMOLOGADOS PARA LAS DELEGACIONES TERRITORIALES DE AGRICULTURA, PESCA Y MEDIO AMBIENTE";"CAPDER";"Suministro";"Contrato Menor";21644,48
"001700/2014/CAPDR/CAT";"ADQUISICIÓN DE 22 ORDENADORES PORTÁTILES HOMOLOGADOS PARA LAS DELEGACIONES TERRITORIALES DE AGRICULTURA, PESCA Y MEDIO AMBIENTE";"ADQUISICIÓN DE 22 ORDENADORES PORTÁTILES HOMOLOGADOS PARA LAS DELEGACIONES TERRITORIALES DE AGRICULTURA, PESCA Y MEDIO AMBIENTE";"CAPDER";"Suministro";"Contrato Menor";21644,48
"001648/2014/CAPDR/CAT";"ADQUISICIÓN DE 600 TARJETAS CRIPTOGRÁFICAS HOMOLOGADAS PARA LA CONSEJERÍA DE AGRICULTURA, PESCA Y DESARROLLO RURAL";"ADQUISICIÓN DE 600 TARJETAS CRIPTOGRÁFICAS HOMOLOGADAS PARA LA CONSEJERÍA DE AGRICULTURA, PESCA Y DESARROLLO RURAL";"CAPDER";"Suministro";"Contrato Menor";2816,94
"001167/2014/CAPDR/CAT";"ADQUISICIÓN DE 330 ORDENADORES PERSONALES Y 250 MONITORES TFT PARA LAS DELEGACIONES TERRITORIALES DE LA CONSEJERÍA DE AGRICULTURA, PESCA Y DESARROLLO RURAL  ";"ADQUISICIÓN DE 330 ORDENADORES PERSONALES Y 250 MONITORES TFT PARA LAS DELEGACIONES TERRITORIALES DE LA CONSEJERÍA DE AGRICULTURA, PESCA Y DESARROLLO ";"CAPDER";"Suministro";"Contrato Menor";225494,39
"001089/2014/CCA/CAT";"12 equipos HP elitedesk 800G1 SFF con Windows 7 professional";"";"CCA";"Suministro";"Contrato Menor";8363,52
"000578/2014/CCA/CAT";"Impresora financiera Mannesmann T5040";"";"CCA";"Suministro";"Contrato Menor";1096,26
"001869/2014/CCA/CAT";"Impresora láser color";"Impresora láser color para Secretaría";"CCA";"Suministro";"Contrato Menor";943,8
"000916/2014/CEA/CAT";"PROYECTOR MARCA OPTOMA MODELO EW615 PARA LA EXPOSICIÓN PERMANENTE DEL MUSEO DE LA AUTONOMÍA DE ANDALUCÍA";"";"CEA";"Suministro";"Contrato Menor";825,27
"000184/2015/CEA/CAT";"HP LASERJET PRO 400 PRINTER M401A y accesorio impresión automática a doble cara (se entregará modelo M401D). ";"";"CEA";"Suministro";"Contrato Menor";301,45
"000185/2015/CEA/CAT";"HP LASERJET PRO 400 PRINTER M401A e impresión automática a doble cara";"Se entregará el modelo M401D";"CEA";"Suministro";"Contrato Menor";0
"000182/2015/CECD/CAT";"CEI_ADQUISICIÓN DE TRES PROYECTORES PARA DT GRANADA ";"";"CECD";"Suministro";"Contrato Menor";1713,36
"001708/2014/CECD/CAT";"CD - BIBLIOTECA DE ANDALUCIA - ADQUISICIÓN DE 6 PCS DEL CATALOGO DE BIENES HOMOLOGADOS";"";"CECD";"Suministro";"Contrato Menor";5341,89
"000566/2014/CECD/CAT";"CD - ADQUISICIÓN 7 MONITORES DE 21,5¿ PARA EL ARCHIVO HISTÓRICO PROVINCIAL DE GRANADA Y EL ARCHIVO HISTÓRICO DE LA REAL CHANCILLERÍA DE  LA CONSEJERÍA DE EDUCACIÓN, CULTURA Y DEPORTE";"";"CECD";"Suministro";"Contrato Menor";1101,1
"002050/2014/CECD/CAT";"7 PCS PARA EL CENTRO ANDALUZ DE DOCUMENTACIÓN DEL FLAMENCO";"";"CECD";"Suministro";"Contrato Menor";4987,2
"002056/2014/CECD/CAT";"10 PCs PARA LA BIBLIOTECA PÚBLICA DE LA DP DE CÁDIZ";"";"CECD";"Suministro";"Contrato Menor";4271,3
"002061/2014/CECD/CAT";"OCHO PCS PARA LA BIBLIOTECA DE GRANADA";"";"CECD";"Suministro";"Contrato Menor";4520,56
"000517/2014/CECD/CAT";"CD - ADQUISICIÓN 2 ESCÁNERES DEPARTAMENTALES PARA EL ARCHIVO HISTÓRICO PROVINCIAL DE ALMERÍA Y EL ARCHIVO DE LA REAL CHANCILLERÍA DE LA CONSEJERÍA DE EDUCACIÓN, CULTURA Y DEPORTE";"";"CECD";"Suministro";"Contrato Menor";600,62
"000841/2014/CECD/CAT";"CD - BIBLIOTECA DE ANDALUCIA - ADQUISICIÓN DE PROYECTOR DEL CATÁLOGO DE BIENES HOMOLOGADOS";"Adquisición de Proyector Panasonic PT-FX400E";"CECD";"Suministro";"Contrato Menor";2439,36
"000567/2014/CECD/CAT";"CD - ADQUISICIÓN 1 PORTÁTIL PARA EL ARCHIVO HISTÓRICO PROVINCIAL DE HUELVA DE LA CONSEJERÍA DE EDUCACIÓN, CULTURA Y DEPORTE";"";"CECD";"Suministro";"Contrato Menor";914,76
"000041/2015/CECD/CAT";"CD - INSTITUTO ANDALUZ DEL DEPORTE - ADQUISICIÓN DE TARJETAS CRIPTOGRÁFICAS";"";"CECD";"Suministro";"Contrato Menor";599,95
"000469/2015/CECD/CAT";"CD - BIBLIOTECA PUBL. PROV. SEVILLA - ADQUISICIÓN DE IMPRESORA DE TRANSFERENCIA TÉRMINA MONÓCROMA";"";"CECD";"Suministro";"Contrato Menor";613,22
"001985/2014/CECD/CAT";"CD - ARCHIVO HISTORICO PROVINCIAL DE SEVILLA - ADQUISICION DE PROYECTOR MULTIMEDIA  ";"";"CECD";"Suministro";"Contrato Menor";769,56
"001994/2014/CECD/CAT";"CD - BIBLIOTECA PUBLICA PROVINCIAL DE MALAGA - ADQUISICION DE 7 ORDENADORES";"";"CECD";"Suministro";"Contrato Menor";0
"001902/2014/CECD/CAT";"CD - ADQUISICIÓN TARJETAS CRIPTOGRÁFICAS DEL CATÁLOGO DE BIENES HOMOLOGADOS";"";"CECD";"Suministro";"Contrato Menor";599,95
"001950/2014/CECD/CAT";"CD - ARCHIVO HISTORICO PROVINCIAL DE SEVILLA - ADQUISICION DE PROYECTOR MULTIMEDIA";"";"CECD";"Suministro";"Contrato Menor";1943,26
"000559/2014/CECD/CAT";"CD - CENTRO ANDALUZ DE MEDICINA DEL DEPORTE - ADQUISICIÓN DE UN ORDENADOR POTENCIADO PARA INTERCAMBIO DE INFORMACIÓN EN NUEVA SEDE (UNIV. DE GRANADA)";"";"CECD";"Suministro";"Contrato Menor";1203,88
"000696/2014/CECD/CAT";"CD-CENTRO DE DOCUMENTACIÓN MUSICAL-6 PCS";"";"CECD";"Suministro";"Contrato Menor";2250,66
"000470/2015/CECD/CAT";"CD - BIBLIOTECA PUBL. PROV. SEVILLA - ADQUISICION DE IMPRESORA PARA CARNETS";"";"CECD";"Suministro";"Contrato Menor";1936
"002116/2014/CECD/CAT";"PROYECTOR MULTIMEDIA PARA LA BIBLIOTECA DE CÁDIZ";"";"CECD";"Suministro";"Contrato Menor";673,22
"002298/2014/CECD/CAT";"CD - INSTITUTO ANDALUZ DEL DEPORTE - ADQUISICION DE IMPRESORA LASER COLOR DEL CATALOGO DE BIENES HOMOLOGADOS";"";"CECD";"Suministro";"Contrato Menor";432,61
"000014/2015/CECD/CAT";"CD - INSTITUTO ANDALUZ DEL DEPORTE - ADQUISICIÓN DE TARJETAS CRIPTOGRÁFICAS";"";"CECD";"Suministro";"Contrato Menor";618,2
"000063/2015/CECD/CAT";"CEI_ADQUISICIÓN DE TARJETAS CRIPTOGRÁFICAS PARA LA DT SEVILLA";"";"CECD";"Suministro";"Contrato Menor";4799,6
"000296/2015/CECD/CAT";"CD - CENTRO ANDALUZ DE MEDICINA DEPORTIVA - ADQUISICION DE 21 ORDENADORES PERSONALES DEL CATALOGO DE BIENES HOMOLOGADOS MEDIANTE OFERTA PUNTUAL";"";"CECD";"Suministro";"Contrato Menor";15982,89
"002092/2014/CECD/CAT";"8 PCS PARA LA BIBLIOTECA PROVINCIAL DE MÁLAGA";"";"CECD";"Suministro";"Contrato Menor";4520,56
"002235/2014/CECD/CAT";"CD - BIBLIOTEC PUBLICA PROVINCIAL DE SEVILLA - ADQUISICION DE PROYECTOR MULTIMEDIA";"";"CECD";"Suministro";"Contrato Menor";396,94
"002062/2014/CECD/CAT";"IMPRESORA PARA LA BIBLIOTECA PROVINCIAL DE GRANADA";"";"CECD";"Suministro";"Contrato Menor";466
"001900/2014/CECD/CAT";"7 PORTÁTILES BIBLIOTECA PROVINCIAL DE HUELVA";"";"CECD";"Suministro";"Contrato Menor";4446,75
"001588/2014/CECD/CAT";"CEI_ADQUISICIÓN DE 1 IMPRESORA MULTIFUNCIÓN CON DESTINO AL INSTITUTO ANDALUZ DE ENSEÑANZAS ARTISTICAS SUPERIORES DE LA CONSEJERÍA DE EDUCACIÓN, CULTURA Y DEPORTE";"";"CECD";"Suministro";"Contrato Menor";346,63
"001452/2014/CECD/CAT";"CD - ALQUILER FOTOCOPIADORAS PARA BIBLIOTECAS PÚBLICAS PROVINCIALES Y BIBLIOTECA DE ANDALUCÍA";"";"CECD";"Suministro";"Negociado SIN publicidad";0
"001472/2014/CECD/CAT";"CD - INSTITUTO ANDALUZ DEL DEPORTE - ADQUISICIÓN DE 10 MONITORES EN EL MARCO DEL PROYECTO ADI (ANDALUCIA, DEPORTE INNOVACION)";"";"CECD";"Suministro";"Contrato Menor";0
"002465/2014/CECD/CAT";"CD - CENTRO ANDALUZ DE MEDICINA DEL DEPORTE - ADQUISICION DE PC PARA PLATAFORMA DE PRUEBAS DE SALTO";"";"CECD";"Suministro";"Contrato Menor";608,7
"002509/2014/CECD/CAT";"CD - CENTRO ANDALUZ DE MEDICINA DEL  DEPORTE - ADQUISICIÓN DE TRES PCS DEL CATALOGO DE BIENES HOMOLOGADOS";"";"CECD";"Suministro";"Contrato Menor";1949,52
"002207/2014/CECD/CAT";"CEI_ADQUISICIÓN DE 1 IMPRESORA MULTIFUNCIÓN CON DESTINO AL SERVICIO DE FORMACIÓN PARA EL EMPLEO DE LA DELEGACIÓN TERRITORIAL  DE LA CONSEJERÍA DE EDUCACIÓN, CULTURA Y DEPORTE EN ALMERÍA";"";"CECD";"Suministro";"Contrato Menor";423,5
"001707/2014/CECD/CAT";"CD - BIBLIOTECA DE ANDALUCIA - ADQUISICIÓN DE UNA IMPRESORA LASER MONOCROMA DEL CATALOGO DE BIENES HOMOLOGADOS";"";"CECD";"Suministro";"Contrato Menor";662,2
"002234/2014/CECD/CAT";"CD - BIBLIOTECA PUBLICA PROVINCIAL DE SEVILLA - ADQUISICION DE IMPRESORA LASER MONOCROMO";"";"CECD";"Suministro";"Contrato Menor";320,65
"000694/2014/CECD/CAT";"CD-CENTRO DE DOCUMENTACIÓN MUSICAL-IMPRESORA LÁSER";"";"CECD";"Suministro";"Contrato Menor";954,09
"000725/2014/CECD/CAT";"CEI_MATERIAL INFORMÁTICO PARA EL ARCHIVO DE LA REAL CHANCILLERÍA EN GRANADA";"";"CECD";"Suministro";"Contrato Menor";0
"000615/2014/CECD/CAT";"CD - CENTRO ANDALUZ DE MEDICINA DEL DEPORTE - ADQUISICIÓN DE PC PARA SISTEMA ANALIZADOR DE GASES (SEDE DEL CAMD EN HUELVA)";"";"CECD";"Suministro";"Contrato Menor";880,04
"001696/2014/CECD/CAT";"CD - CENTRO ANDALUZ DE MEDICINA DEPORTIVA - ADQUISICIÓN DE UN PORTATIL PARA PROYECTO OBIN";"";"CECD";"Suministro";"Contrato Menor";1131,99
"001471/2014/CECD/CAT";"CD - INSTITUTO ANDALUZ DEL DEPORTE - ADQUISICIÓN DE 10 ORDENADORES DE SOBREMESA EN EL MARCO DEL PROYECTO ADI (ANDALUCIA, DEPORTE INNOVACION)";"";"CECD";"Suministro";"Contrato Menor";5355,46
"002338/2014/CECD/CAT";"CD - BIBLIOTECA PUBLICA DE SEVILLA - ADQUISICIÓN DE IMPRESORA DE INYECCION PARA EXPEDICIÓN DE CARNÉS DE USUARIOS";"";"CECD";"Suministro";"Contrato Menor";262,57
"000695/2014/CECD/CAT";"CD-CENTRO DE DOCUMENTACIÓN MUSICAL-IMPRESORA LÁSER ";"";"CECD";"Suministro";"Contrato Menor";954,09
"000697/2014/CECD/CAT";"CD-CENTRO DE DOCUMENTACIÓN MUSICAL-2 PORTÁTILES";"";"CECD";"Suministro";"Contrato Menor";985,2
"000558/2014/CECD/CAT";"CD - CENTRO ANDALUZ DE MEDICINA DEL DEPORTE - ADQUISICIÓN DE 5 PCS PARA RENOVACIÓN DE EQUIPOS OBSOLETOS.";"";"CECD";"Suministro";"Contrato Menor";4285,3
"001625/2014/CECD/CAT";"CD - INSTITUTO ANDALUZ DEL DEPORTE - ADQUISICIÓN DE ORDENADOR POTENCIADO PARA VIRTUALIZACIÓN DE S.O. WINDOWS";"";"CECD";"Suministro";"Contrato Menor";1180,96
"001986/2014/CECD/CAT";"CD - BIBLIOTECA PROVINCIAL DE CORDOBA - ADQUISICION DE 6 ORDENADORES CBH";"";"CECD";"Suministro";"Contrato Menor";4982,46
"000471/2015/CECD/CAT";"CD - BIBLIOTECA PUBL. PROV. SEVILLA - ADQUISICIÓN DE 2 LECTORES DE CODIGOS DE BARRAS";"";"CECD";"Suministro";"Contrato Menor";657,18
"001604/2014/CECD/CAT";"CEI_ADQUISICIÓN 17 ESCÁNERS DEPARTAMENTALES PARA USO POR PARTE DE LA D.T. CÓRDOBA";"";"CECD";"Suministro";"Contrato Menor";5105,27
"002114/2014/CECD/CAT";"CD - BIBLIOTECA PUBLICA PROVINCIAL DE SEVILLA - ADQUISICIÓN DE UN PROYECTOR MULTIMEDIA (CATALOGO DE BIENES HOMOLOGADOS)";"";"CECD";"Suministro";"Contrato Menor";398,7
"001136/2014/CEIC-AAESG/CAT";"Ordenadores sobremesa Fujitsu para puestos de trabajo Construcción Sostenible";"Ordenadores sobremesa Fujitsu para puestos de trabajo Construcción Sostenible";"CEIC-AAESG";"Suministro";"Contrato Menor";21570,12
"001227/2014/CEIC-AAESG/CAT";"Multifuncion Konica-Minolta planta 4";"Multifuncion Konica-Minolta planta 4";"CEIC-AAESG";"Suministro";"Contrato Menor";0
"000535/2014/CEIC-AAE-SG/CAT";"Renovación parque 21 ordenadores sobremesa";"Renovación parque 21 ordenadores sobremesa";"CEIC-AAESG";"Suministro";"Contrato Menor";21206,43
"001528/2014/CEIC-AAESG/CAT";"Impresora color HP  PRO 400 COLOR";"Impresora color HP  PRO 400 COLOR";"CEIC-AAESG";"Suministro";"Contrato Menor";544,31
"002200/2013/CEIC-AAE-SG/CAT";"RENOVACION EQUIPOS SOBREMESA";"RENOVACION EQUIPOS SOBREMESA";"CEIC-AAESG";"Suministro";"Contrato Menor";11374,07
"002202/2013/CEIC-AAE-SG/CAT";"RENOVACION PORTATILES OBSOLETOS";"RENOVACION PORTATILES OBSOLETOS";"CEIC-AAESG";"Suministro";"Contrato Menor";10235,8
"000392/2015/CEIC-AAESG/CAT";"Compra de equipos de sobremesa";"Compra de equipos de sobremesa";"CEIC-AAESG";"Suministro";"Contrato Menor";21756,24
"001520/2014/CEICE-AAC/CAT";"Compra de ocho ordenadores";"Compra de ocho ordenadores";"CEICE-AAC";"Suministro";"Contrato Menor";6095,87
"001115/2014/CEICE-AEM/CAT";"Scaneres para Equipamiento para la Administración Electrónica";"";"CEICE-AEM";"Suministro";"Otras formas de ejecución";1851,18
"001352/2014/CEICE-AEM/CAT";"22 Portátiles para el Plan Provincial";"";"CEICE-AEM";"Suministro";"Contrato Menor";10781,1
"001116/2014/CEICE-AEM/CAT";"Scaneres para la Adecuación al Esquema Nacional de Seguridad";"";"CEICE-AEM";"Obra";"Encargo de ejecución";2468,24
"001114/2014/CEICE-AEM/CAT";"PCs para Equipamiento para la Administración Electrónica";"";"CEICE-AEM";"Suministro";"Otras formas de ejecución";4812,5
"001111/2014/CEICE-AEM/CAT";"Impresoras para Equipamiento para la Administración Electrónica";"";"CEICE-AEM";"Obra";"Encargo de ejecución";2492,07
"000208/2014/CEICE-AEM/CAT";"4 impresoras";"";"CEICE-AEM";"Suministro";"Contrato Menor";2686,2
"000823/2014/CEICE-AEM/CAT";"Guadalinfo Emprende.";"";"CEICE-AEM";"Obra";"Encargo de ejecución";943,8
"000207/2014/CEICE-AEM/CAT";"29 PCS";"";"CEICE-AEM";"Suministro";"Contrato Menor";19937,5
"001118/2014/CEICE-AEM/CAT";"Ordenadores para la Adecuación al Esquema Nacional de Seguridad";"";"CEICE-AEM";"Suministro";"Otras formas de ejecución";6187,5
"001117/2014/CEICE-AEM/CAT";"Impresoras para la Adecuación al Esquema Nacional de Seguridad";"";"CEICE-AEM";"Suministro";"Otras formas de ejecución";4153,45
"000209/2014/CEICE-AEM/CAT";"2 Monitores y 4 Videoproyectores";"";"CEICE-AEM";"Suministro";"Contrato Menor";2295,06
"000266/2015/CEICE-PCTC/CAT";"Renovación equipamiento informático Cartuja 93";"Renovación equipamiento informático Cartuja 93. 13 equipos";"CEICE-PCTC";"Suministro";"Encargo de ejecución";16784,97
"002270/2014/CEICE-PCTC/CAT";"Compra equipamiento informático Cartuja 93. 13 equipos";"";"CEICE-PCTC";"Suministro";"Contrato Menor";0
"001965/2014/CEICE-PCTC/CAT";"Compra equipamiento informático ";"";"CEICE-PCTC";"Suministro";"Contrato Menor";0
"001889/2014/CEICESG/CAT";"RENOVACIÓN DEL EQUIPAMIENTO DE LOS CENTROS DE LA RED DE ACCESO PÚBLICO A INTERNET (RAPI) - LOTE 1: IMPRESORAS";"RENOVACIÓN DEL EQUIPAMIENTO DE LOS CENTROS DE LA RED DE ACCESO PÚBLICO A INTERNET (RAPI) - LOTE 1: IMPRESORAS";"CEICESG";"Suministro";"Otras formas de ejecución";181552,42
"001890/2014/CEICESG/CAT";"RENOVACIÓN DEL EQUIPAMIENTO DE LOS CENTROS DE LA RED DE ACCESO PÚBLICO A INTERNET (RAPI) - LOTE 2: PROYECTORES";"RENOVACIÓN DEL EQUIPAMIENTO DE LOS CENTROS DE LA RED DE ACCESO PÚBLICO A INTERNET (RAPI) - LOTE 2: PROYECTORES";"CEICESG";"Suministro";"Otras formas de ejecución";333359,78
"001888/2014/CEICESG/CAT";"RENOVACIÓN DEL EQUIPAMIENTO DE LOS CENTROS DE LA RED DE ACCESO PÚBLICO A INTERNET (RAPI) - LOTE 1: IMPRESORAS";"RENOVACIÓN DEL EQUIPAMIENTO DE LOS CENTROS DE LA RED DE ACCESO PÚBLICO A INTERNET (RAPI) - LOTE 1: IMPRESORAS";"CEICESG";"Suministro";"Otras formas de ejecución";0
"001892/2014/CEICESG/CAT";"RENOVACIÓN DEL EQUIPAMIENTO DE LOS CENTROS DE LA RED DE ACCESO PÚBLICO A INTERNET (RAPI) - LOTE 4: MICROORDENADORES DE SOBREMESA";"RENOVACIÓN DEL EQUIPAMIENTO DE LOS CENTROS DE LA RED DE ACCESO PÚBLICO A INTERNET (RAPI) - LOTE 4: MICROORDENADORES DE SOBREMESA";"CEICESG";"Suministro";"Otras formas de ejecución";3031050
"001894/2014/CEICESG/CAT";"RENOVACIÓN DEL EQUIPAMIENTO DE LOS CENTROS DE LA RED DE ACCESO PÚBLICO A INTERNET (RAPI) - LOTE 5: MICROORDENADORES AVANZADOS DE SOBREMES";"RENOVACIÓN DEL EQUIPAMIENTO DE LOS CENTROS DE LA RED DE ACCESO PÚBLICO A INTERNET (RAPI) - LOTE 5: MICROORDENADORES AVANZADOS DE SOBREMES";"CEICESG";"Suministro";"Otras formas de ejecución";418214,12
"001893/2014/CEICESG/CAT";"RENOVACIÓN DEL EQUIPAMIENTO DE LOS CENTROS DE LA RED DE ACCESO PÚBLICO A INTERNET (RAPI) - LOTE 3: MICROORDENADORES PORTÁTILES";"RENOVACIÓN DEL EQUIPAMIENTO DE LOS CENTROS DE LA RED DE ACCESO PÚBLICO A INTERNET (RAPI) - LOTE 3: MICROORDENADORES PORTÁTILES";"CEICESG";"Suministro";"Otras formas de ejecución";984988,74
"001891/2014/CEICESG/CAT";"RENOVACIÓN DEL EQUIPAMIENTO DE LOS CENTROS DE LA RED DE ACCESO PÚBLICO A INTERNET (RAPI) - LOTE 3: MICROORDENADORES PORTÁTILES";"RENOVACIÓN DEL EQUIPAMIENTO DE LOS CENTROS DE LA RED DE ACCESO PÚBLICO A INTERNET (RAPI) - LOTE 3: MICROORDENADORES PORTÁTILES";"CEICESG";"Obra";"Encargo de ejecución";984988,74
"000327/2014/CEICESG/CAT";"ADQUISICION DE EQUIPAMIENTO INFORMATICO PARA EL PROYECTO ANDALUCIA COMPROMISO DIGITAL";"";"CEICESG";"Suministro";"Otras formas de ejecución";225248,3
"002031/2014/CEICE-SGT/CAT";"Adquisición de 4 ordenadores con destino al Centro de Prevención de Riesgos Laborales de Jaén";"Adquisición de 4 ordenadores con destino al Centro de Prevención de Riesgos Laborales de Jaén";"CEICE-SGT";"Suministro";"Contrato Menor";1957,84
"000947/2014/CEICE-SGT/CAT";"ADQUISICIÓN DE 1 ORDENADOR PORTÁTIL Y 2MICROORDENADORES DE SOBREMESA CON DESTINO AL CENTRO DEPREVENCIÓN DE RIESGOS LABORALES DE LA DELEGACIÓN TERRITORIAL ENALMERÍA DE LA CONSEJERÍA DE ECONOMÍA, INNOVACIÓN, CIENCIA Y EMPLEO";"ADQUISICIÓN DE 1 ORDENADOR PORTÁTIL Y 2MICROORDENADORES DE SOBREMESA CON DESTINO AL CENTRO DEPREVENCIÓN DE RIESGOS LABORALES DE LA DELEGACIÓN TERRITORIAL ENALMERÍA DE LA CONSEJERÍA DE ECONOMÍA, INNOVACIÓN, CIENCIA Y EMPLEO";"CEICE-SGT";"Suministro";"Contrato Menor";3704,9
"000637/2014/CEICE-SGT/CAT";"ADQUISICIÓN DE TRES (3) MICROORDENADORES DE SOBREMESA CON DESTINO A LA DELEGACIÓN TERRITORIAL DE JAÉN DE LA CONSEJERÍA DE ECONOMÍA, INNOVACIÓN, CIENCIA Y EMPLEO";"ADQUISICIÓN DE TRES (3) MICROORDENADORES DE SOBREMESA CON DESTINO A LA DELEGACIÓN TERRITORIAL DE JAÉN DE LA CONSEJERÍA DE ECONOMÍA, INNOVACIÓN, CIENCIA Y EMPLEO";"CEICE-SGT";"Suministro";"Contrato Menor";1336,77
"001796/2014/CEICE-SGT/CAT";"ADQUISICIÓN DE 476 MICROORDENADORES DE SOBREMESA CON DESTINO A LA CONSEJERÍA DE ECONOMÍA, INNOVACIÓN, CIENCIA Y EMPLEO";"ADQUISICIÓN DE 476 MICROORDENADORES DE SOBREMESA CON DESTINO A LA CONSEJERÍA DE ECONOMÍA, INNOVACIÓN, CIENCIA Y EMPLEO";"CEICE-SGT";"Suministro";"Procedimiento abierto (LCSP)";225200,36
"001213/2014/CEICE-SGT/CAT";"ADQUISICIÓN DE TRES (3) MICROORDENADORES DE SOBREMESA CON DESTINO A LA DELEGACIÓN TERRITORIAL DE JAÉN DE LA CONSEJERÍA DE ECONOMÍA, INNOVACIÓN, CIENCIA Y EMPLEO";"ADQUISICIÓN DE TRES (3) MICROORDENADORES DE SOBREMESA CON DESTINO A LA DELEGACIÓN TERRITORIAL DE JAÉN DE LA CONSEJERÍA DE ECONOMÍA, INNOVACIÓN, CIENCIA Y EMPLEO";"CEICE-SGT";"Suministro";"Contrato Menor";1336,77
"002013/2014/CEICE-SGT/CAT";"Adquisición de 2 impresoras con destino al Centro de Prevención de Riesgos Laborales de Armilla (Granada)";"Adquisición de 2 impresoras con destino al Centro de Prevención de Riesgos Laborales de Armilla (Granada)";"CEICE-SGT";"Suministro";"Contrato Menor";3171,8
"001948/2014/CEICE-SGT/CAT";"ADQUISICIÓN DE CUATRO ESCANERES DE SOBREMESA CON DESTINO AL CENTRO DE PREVENCIÓN DE RIESGOS LABORALES DE LA DELEGACIÓN TERRITORIAL DE LA CONSEJERÍA DE ECONOMÍA,INNOVACIÓN, CIENCIA Y EMPLEO DE ALMERÍA";"ADQUISICIÓN DE CUATRO ESCANERES DE SOBREMESA CON DESTINO AL CENTRO DE PREVENCIÓN DE RIESGOS LABORALES DE LA DELEGACIÓN TERRITORIAL DE LA CONSEJERÍA DE ECONOMÍA, INNOVACIÓN, CIENCIA Y EMPLEO DE ALMERÍA";"CEICE-SGT";"Suministro";"Contrato Menor";2605,08
"002074/2014/CEICE-SGT/CAT";"Adquisición de 2 Microordenadores portátiles con Pantalla >=15"" con destino al CPRL de Sevilla";"Adquisición de 2 Microordenadores portátiles con Pantalla >=15"" con destino al CPRL de Sevilla";"CEICE-SGT";"Suministro";"Contrato Menor";1657,7
"000790/2014/CEICE-SGT/CAT";"ADQUISICIÓN DE VEINTE (20) MICROORDENADORES PORTÁTILES CON DESTINO A LA CONSEJERÍA DE ECONOMÍA, INNOVACIÓN, CIENCIA Y EMPLEO";"ADQUISICIÓN DE VEINTE (20) MICROORDENADORES PORTÁTILES CON DESTINO A LA CONSEJERÍA DE ECONOMÍA, INNOVACIÓN, CIENCIA Y EMPLEO";"CEICE-SGT";"Suministro";"Contrato Menor";16285,39
"000075/2014/CEICE-SGT/CAT";"SUMINISTRO DE UN (1) MICROORDENADOR CON DESTINO A LA CONSEJERÍA DE ECONOMÍA, INNOVACIÓN, CIENCIA Y EMPLEO";"SUMINISTRO DE UN (1) MICROORDENADOR CON DESTINO A LA CONSEJERÍA DE ECONOMÍA, INNOVACIÓN, CIENCIA Y EMPLEO";"CEICE-SGT";"Suministro";"Contrato Menor";911,13
"000732/2014/CEICE-SGT/CAT";"ALQUILER DE CUARENTA Y UNA (41) FOTOCOPIADORAS COLOR CON VELOCIDAD DE 30 A 39 COPIAS/MINUTO CON DESTINO A LA CONSEJERÍA DE ECONOMÍA, INNOVACIÓN, CIENCIA Y EMPLEO";"ALQUILER DE CUARENTA Y UNA (41) FOTOCOPIADORAS COLOR CON VELOCIDAD DE 30 A 39 COPIAS/MINUTO CON DESTINO A LA CONSEJERÍA DE ECONOMÍA, INNOVACIÓN, CIENCIA Y EMPLEO";"CEICE-SGT";"Suministro";"Otras formas de ejecución";34826,24
"002043/2014/CEICE-SGT/CAT";"Adquisición de 14 microordenadores de sobremesa con destino al Centro de Prevención de Riesgos Laborales de Armilla (Granada)";"Adquisición de 14 microordenadores de sobremesa con destino al Centro de Prevención de Riesgos Laborales de Armilla (Granada)";"CEICE-SGT";"Suministro";"Contrato Menor";15708,17
"002369/2014/CEICE-SGT/CAT";"ADQUISICIÓN DE CINCO(5) MICROORDENADORES PORTÁTILES CON DESTINO A LA DELEGACIÓN TERRITORIAL DE JAÉN DE LA CONSEJERÍA DE ECONOMÍA, INNOVACIÓN, CIENCIA Y EMPLEO";"ADQUISICIÓN DE CINCO(5) MICROORDENADORES PORTÁTILES CON DESTINO A LA DELEGACIÓN TERRITORIAL DE JAÉN DE LA CONSEJERÍA DE ECONOMÍA, INNOVACIÓN, CIENCIA Y EMPLEO";"CEICE-SGT";"Suministro";"Contrato Menor";3463,3
"000699/2014/CEICE-SGT/CAT";"ADQUISICIÓN DE 5 MICROORDENADORES DE SOBREMESA CON DESTINO AL CENTRO PREVENCIÓN DE RIESGOS LABORALES DE CÁDIZ DE LA CONSEJERÍA DE ECONOMÍA, INNOVACIÓN, CIENCIA Y EMPLEO";"ADQUISICIÓN DE 5 MICROORDENADORES DE SOBREMESA CON DESTINO AL CENTRO PREVENCIÓN DE RIESGOS LABORALES DE CÁDIZ DE LA CONSEJERÍA DE ECONOMÍA, INNOVACIÓN, CIENCIA Y EMPLEO";"CEICE-SGT";"Suministro";"Contrato Menor";3218,6
"000407/2014/CEICE-SGT/CAT";"ADQUISICIÓN DE VEINTE (20) MICROORDENADORES PORTÁTILES CON DESTINO A LA CONSEJERÍA DE ECONOMÍA, INNOVACIÓN, CIENCIA Y EMPLEO";"ADQUISICIÓN DE VEINTE (20) MICROORDENADORES PORTÁTILES CON DESTINO A LA CONSEJERÍA DE ECONOMÍA, INNOVACIÓN, CIENCIA Y EMPLEO";"CEICE-SGT";"Suministro";"Contrato Menor";16285,39
"000409/2014/CEICE-SGT/CAT";"ADQUISICIÓN DE VEINTE (20) MICROORDENADORES PORTÁTILES CON DESTINO A LA CONSEJERÍA DE ECONOMÍA, INNOVACIÓN, CIENCIA Y EMPLEO  ";"";"CEICE-SGT";"Suministro";"Contrato Menor";16285,39
"001141/2014/CEICE-SGT/CAT";"ADQUISICIÓN DE CUATROCIENTOS SETENTA Y SEIS (476) MICROORDENADORES DE SOBREMESA CON DESTINO A LA CONSEJERÍA DE ECONOMÍA, INNOVACIÓN, CIENCIA Y EMPLEO";"ADQUISICIÓN DE CUATROCIENTOS SETENTA Y SEIS (476) MICROORDENADORES DE SOBREMESA CON DESTINO A LA CONSEJERÍA DE ECONOMÍA, INNOVACIÓN, CIENCIA Y EMPLEO";"CEICE-SGT";"Suministro";"Procedimiento abierto (LCSP)";225200,36
"002033/2014/CEICE-SGT/CAT";"Adquisición de 6 ordenadores portátiles con destino al Centro de Prevención de Riesgos Laborales de Armilla (Granada)";"Adquisición de 6 ordenadores portátiles con destino al Centro de Prevención de Riesgos Laborales de Armilla (Granada)";"CEICE-SGT";"Suministro";"Contrato Menor";6837,54
"002089/2014/CEICE-SGT/CAT";"Adquisición de 2 proyectores con destino al CPRL de Granada";"Adquisición de 2 proyectores con destino al CPRL de Granada";"CEICE-SGT";"Suministro";"Contrato Menor";2575
"001871/2014/CEICE-SGT/CAT";"ADQUISICION DE 20 MICROORDENADORES DE SOBREMESA FUJITSUESPRIMO MODELO C720 EN EL CENTRO DE PREVENCION DE RIESGOSLABORALES DE SEVILLA";"ADQUISICION DE 20 MICROORDENADORES DE SOBREMESA FUJITSUESPRIMO MODELO C720 EN EL CENTRO DE PREVENCION DE RIESGOSLABORALES DE SEVILLA";"CEICE-SGT";"Suministro";"Contrato Menor";11301,4
"000269/2014/CEICE-SGT/CAT";"ADQUISICIÓN DE QUINCE (15) IMPRESORAS LÁSER COLOR CON DESTINO A LA CONSEJERÍA DE ECONOMÍA, INNOVACIÓN, CIENCIA Y EMPLEO";"ADQUISICIÓN DE QUINCE (15) IMPRESORAS LÁSER COLOR CON DESTINO A LA CONSEJERÍA DE ECONOMÍA, INNOVACIÓN, CIENCIA Y EMPLEO";"CEICE-SGT";"Suministro";"Contrato Menor";5608,35
"002041/2014/CEICE-SGT/CAT";"Adquisición de 14 microordenadores de sobremesa con destino al Centro de Prevención de Riesgos Laborales de Armilla (Granada)";"Adquisición de 14 microordenadores de sobremesa con destino al Centro de Prevención de Riesgos Laborales de Armilla (Granada)";"CEICE-SGT";"Suministro";"Contrato Menor";21846,16
"002364/2014/CEICE-SGT/CAT";"ADQUISICIÓN DE CINCO(5) MICROORDENADORES PORTÁTILESCON DESTINO A LA DELEGACIÓN TERRITORIAL DE JAÉN DE LA CONSEJERÍA DE ECONOMÍA,INNOVACIÓN, CIENCIA Y EMPLEO";"ADQUISICIÓN DE CINCO(5) MICROORDENADORES PORTÁTILESCON DESTINO A LA DELEGACIÓN TERRITORIAL DE JAÉN DE LA CONSEJERÍA DE ECONOMÍA,INNOVACIÓN, CIENCIA Y EMPLEO";"CEICE-SGT";"Suministro";"Contrato Menor";3463,3
"002008/2014/CEICE-SGT/CAT";"Adquisición de 14 microordenadores de sobremesa con destino al Centro de Prevención de Riesgos Laborales de Armilla (Granada)";"Adquisición de 14 microordenadores de sobremesa con destino al Centro de Prevención de Riesgos Laborales de Armilla (Granada)";"CEICE-SGT";"Suministro";"Contrato Menor";17412,5
"002075/2014/CEICE-SGT/CAT";"Adquisición de 20 microordenadores con destino al CPRL de Sevilla";"Adquisición de 20 microordenadores con destino al CPRL de Sevilla";"CEICE-SGT";"Suministro";"Contrato Menor";13527,8
"001873/2014/CEICE-SGT/CAT";"ADQUISICION DE 2 ORDENADORES PORTATILES PARA ACTIVIDADESFORMATIVAS EN EL CENTRO DE PREVENCION DE RIESGOS LABORALES DESEVILLA";"ADQUISICION DE 2 ORDENADORES PORTATILES PARA ACTIVIDADESFORMATIVAS EN EL CENTRO DE PREVENCION DE RIESGOS LABORALES DESEVILLA";"CEICE-SGT";"Suministro";"Contrato Menor";1427,8
"002146/2014/CEICE-SGT/CAT";"Adquisición de 5 terminales ligeros de red con destino al CPRL de Granada";"Adquisición de 5 terminales ligeros de red con destino al CPRL de Granada";"CEICE-SGT";"Suministro";"Contrato Menor";2674,1
"002032/2014/CEICE-SGT/CAT";"Adquisición de 14 microordenadores de sobremesa con destino al Centro de Prevención de Riesgos Laborales de Armilla (Granada)";"Adquisición de 14 microordenadores de sobremesa con destino al Centro de Prevención de Riesgos Laborales de Armilla (Granada)";"CEICE-SGT";"Suministro";"Contrato Menor";15113,14
"002322/2014/CEICE-SGT/CAT";"Adquisición de 18 microordenadores de sobremesa con destino al CPRL de Granada";"Adquisición de 18 microordenadores de sobremesa con destino al CPRL de Granada";"CEICE-SGT";"Suministro";"Contrato Menor";16981,63
"002072/2014/CEICE-SGT/CAT";"ADQUISICIÓN DE OCHO (8) IMPRESORAS LÁSER COLOR CON DESTINO A LA CONSEJERÍA DE ECONOMÍA, INNOVACIÓN, CIENCIA Y EMPLEO";"ADQUISICIÓN DE OCHO (8) IMPRESORAS LÁSER COLOR CON DESTINO A LA CONSEJERÍA DE ECONOMÍA, INNOVACIÓN, CIENCIA Y EMPLEO";"CEICE-SGT";"Suministro";"Contrato Menor";3460,88
"002214/2014/CEIC-IECA/CAT";"SUMINISTRO DE 12 ORDENADORES PERSONALES Y 8 MONITORES DEL CATÁLOGO DE BIENES HOMOLOGADOS ";"";"CEIC-IECA";"Suministro";"Contrato Menor";9998,56
"002489/2014/CEIC-IECA/CAT";"ADQUIRIR 2 IMPRESORAS LÁSER  DEL CATÁLOGO DE BIENES HOMOLOGADOS PARA EL IECA";"ADQUIRIR 2 IMPRESORAS LÁSER  DEL CATÁLOGO DE BIENES HOMOLOGADOS PARA EL IECA";"CEIC-IECA";"Suministro";"Contrato Menor";826,43
"002105/2014/CEIC-IECA/CAT";"SUMINISTRO DE  12 ORDENADORES PERSONALES Y 8 MONITORES DEL CATÁLOGO DE BIENES HOMOLOGADOS PARA EL IECA.";"";"CEIC-IECA";"Suministro";"Contrato Menor";0
"002182/2014/CFV/CAT";"MEMORIA JUSTIFICATIVA PARA LA CONTRATACIÓN DEL SUMINISTRO DENOMINADO: ¿REPOSICIÓN DE IMPRESORAS DEPARTAMENTALES DE TECNOLOGÍA LÁSER PARA SERVICIOS CENTRALES¿Expte 2014/000119";"MEMORIA JUSTIFICATIVA PARA LA CONTRATACIÓN DEL SUMINISTRO DENOMINADO: ¿REPOSICIÓN DE IMPRESORAS DEPARTAMENTALES DE TECNOLOGÍA LÁSER PARA SERVICIOS CENTRALES¿Expte 2014/000119";"CFV";"Suministro";"Contrato Menor";21695,3
"002183/2014/CFV/CAT";"MEMORIA JUSTIFICATIVA DEL CONTRATO MENOR DE SUMINISTRO DENOMINADO: ¿ADQUISICIÓN DE ORDENADORES PERSONALES BÁSICOS PARA LOS SERVICIOS CENTRALES DE LA CONSEJERÍA DE FOMENTO Y VIVIENDA""Expte.   2014/000096";"MEMORIA JUSTIFICATIVA DEL CONTRATO MENOR DE SUMINISTRO DENOMINADO: ¿ADQUISICIÓN DE ORDENADORES PERSONALES BÁSICOS PARA LOS SERVICIOS CENTRALES DE LA CONSEJERÍA DE FOMENTO Y VIVIENDA""Expte.   2014/000096";"CFV";"Suministro";"Contrato Menor";21472,66
"001968/2014/CFV/CAT";"REPOSICIÓN DE ORDENADORES PARA LA DELEGACIÓN TERRITORIAL DE FOMENTO, VIVIENDA, TURISMO Y COMERCIO DE HUELVA";"REPOSICIÓN DE ORDENADORES PARA LA DELEGACIÓN TERRITORIAL DE FOMENTO, VIVIENDA, TURISMO Y COMERCIO DE HUELVA";"CFV";"Suministro";"Contrato Menor";13561,68
"001956/2014/CFV/CAT";"REPOSICIÓN DE ORDENADORES PARA LA DELEGACIÓN TERRITORIAL DE FOMENTO, VIVIENDA, TURISMO Y COMERCIO DE JAÉN";"REPOSICIÓN DE ORDENADORES PARA LA DELEGACIÓN TERRITORIAL DE FOMENTO, VIVIENDA, TURISMO Y COMERCIO DE JAÉN";"CFV";"Suministro";"Contrato Menor";13561,68
"002181/2014/CFV/CAT";"MEMORIA JUSTIFICATIVA DEL CONTRATO DE SUMINISTRO DENOMINADO: ¿REPOSICIÓN DE ORDENADORES PORTÁTILES OBSOLETOS DE LA CONSEJERÍA¿Expte.  2014/000118  ";"MEMORIA JUSTIFICATIVA DEL CONTRATO DE SUMINISTRO DENOMINADO: ¿REPOSICIÓN DE ORDENADORES PORTÁTILES OBSOLETOS DE LA CONSEJERÍA¿Expte.  2014/000118  ";"CFV";"Suministro";"Contrato Menor";21580,35
"002199/2014/CFV/CAT";"2014/000122 ADQUISICIÓN DE IMPRESORAS DE TARJETAS IDENTIFICATIVAS PARA LAS DELEGACIONES TERRITORIALES";"2014/000122 ADQUISICIÓN DE IMPRESORAS DE TARJETAS IDENTIFICATIVAS PARA LAS DELEGACIONES TERRITORIALES";"CFV";"Suministro";"Contrato Menor";12705
"001976/2014/CFV/CAT";"REPOSICIÓN DE ORDENADORES DE LA DELEGACIÓN TERRITORIAL DE FOMENTO, VIVIENDA, TURISMO Y COMERCIO DE CÓRDOBA";"REPOSICIÓN DE ORDENADORES DE LA DELEGACIÓN TERRITORIAL DE FOMENTO, VIVIENDA, TURISMO Y COMERCIO DE CÓRDOBA";"CFV";"Suministro";"Contrato Menor";17517,17
"001967/2014/CFV/CAT";"REPOSICIÓN DE ORDENADORES PARA LA DELEGACIÓN TERRITORIAL DE FOMENTO, VIVIENDA, TURISMO Y COMERCIO DE ALMERIA";"REPOSICIÓN DE ORDENADORES PARA LA DELEGACIÓN TERRITORIAL DE FOMENTO, VIVIENDA, TURISMO Y COMERCIO DE ALMERIA";"CFV";"Suministro";"Contrato Menor";14126,75
"002274/2014/CFV/CAT";"2014/000095 ADQUISICIÓN DE ORDENADORES PERSONALES PARA PERSONAL TÉCNICO ESPECIALIZADO DE LOS SERVICIOS CENTRALES";"2014/000095 ADQUISICIÓN DE ORDENADORES PERSONALES PARA PERSONAL TÉCNICO ESPECIALIZADO DE LOS SERVICIOS CENTRALES";"CFV";"Suministro";"Contrato Menor";18542,5
"001332/2014/CFV/CAT";"¿REPOSICIÓN DE ORDENADORES PERSONALES¿EXPEDIENTE  2014/0109  (S-74745-ADMO-4X)";"¿REPOSICIÓN DE ORDENADORES PERSONALES¿EXPEDIENTE  2014/0109  (S-74745-ADMO-4X)";"CFV";"Suministro";"Negociado SIN publicidad";152417,65
"001949/2014/CFV/CAT";"REPOSICIÓN DE ORDENADORES DE LA DELEGACIÓN TERRITORIAL DE FOMENTO,VIVIENDA, TURISMO Y COMERCIO DE GRANADA";"REPOSICIÓN DE ORDENADORES DE LA DELEGACIÓN TERRITORIAL DE FOMENTO,VIVIENDA, TURISMO Y COMERCIO DE GRANADA";"CFV";"Suministro";"Contrato Menor";18082,24
"002179/2014/CFV/CAT";"MEMORIA JUSTIFICATIVA DEL CONTRATO DE SUMINISTRO DENOMINADO: ¿REPOSICIÓN DE ORDENADORES PORTÁTILES OBSOLETOS DE LA CONSEJERÍA¿Expte.  2014/000118  ";"MEMORIA JUSTIFICATIVA DEL CONTRATO DE SUMINISTRO DENOMINADO: ¿REPOSICIÓN DE ORDENADORES PORTÁTILES OBSOLETOS DE LA CONSEJERÍA¿Expte.  2014/000118  ";"CFV";"Suministro";"Contrato Menor";21580,35
"002279/2014/CFV/CAT";"2014/000123 REPOSICIÓN DE DIVERSAS IMPRESORAS DEPARTAMENTALES DE TECNOLOGÍA LÁSER PARA LAS DELEGACIONES TERRITORIALES";"2014/000123 REPOSICIÓN DE DIVERSAS IMPRESORAS DEPARTAMENTALES DE TECNOLOGÍA LÁSER PARA LAS DELEGACIONES TERRITORIALES";"CFV";"Suministro";"Contrato Menor";7550,4
"002184/2014/CFV/CAT";"MEMORIA JUSTIFICATIVA DEL CONTRATO MENOR DE SUMINISTRO DENOMINADO: ¿ADQUISICIÓN DE ORDENADORES PERSONALES PARA PERSONAL TÉCNICO ESPECIALIZADO DE LAS DELEGACIONES TERRITORIALES¿Expte.  2014/000092  ";"MEMORIA JUSTIFICATIVA DEL CONTRATO MENOR DE SUMINISTRO DENOMINADO: ¿ADQUISICIÓN DE ORDENADORES PERSONALES PARA PERSONAL TÉCNICO ESPECIALIZADO DE LAS DELEGACIONES TERRITORIALES¿Expte.  2014/000092  ";"CFV";"Suministro";"Contrato Menor";20767,6
"001959/2014/CFV/CAT";"ADQUISICIÓN DE ORDENADORES PARA LA DELEGACIÓN TERRITORIAL DE FOMENTO, VIVIENDA, TURISMO Y COMERCIO DE SEVILLA";"ADQUISICIÓN DE ORDENADORES PARA LA DELEGACIÓN TERRITORIAL DE FOMENTO, VIVIENDA, TURISMO Y COMERCIO DE SEVILLA";"CFV";"Suministro";"Contrato Menor";21472,66
"001958/2014/CFV/CAT";"REPOSICIÓN DE ORDENADORES DE LA DELEGACIÓN TERRITORIAL DE FOMENTO, VIVIENDA, TURISMO Y COMERCIO DE CÁDIZ";"REPOSICIÓN DE ORDENADORES DE LA DELEGACIÓN TERRITORIAL DE FOMENTO, VIVIENDA, TURISMO Y COMERCIO DE CÁDIZ";"CFV";"Suministro";"Contrato Menor";13561,68
"001957/2014/CFV/CAT";"REPOSICIÓN DE ORDENADORES PARA LA DELEGACIÓN TERRITORIAL DE FOMENTO, VIVIENDA, TURISMO Y COMERCIO DE MÁLAGA";"REPOSICIÓN DE ORDENADORES PARA LA DELEGACIÓN TERRITORIAL DE FOMENTO, VIVIENDA, TURISMO Y COMERCIO DE MÁLAGA";"CFV";"Suministro";"Contrato Menor";16387,03
"002277/2014/CFV/CAT";"2014/000097 ADQUISICIÓN DE ORDENADORES PERSONALES PARA AULAS DE FORMACIÓN DE LA CONSEJERÍA DE FOMENTO Y VIVIENDA";"2014/000097 ADQUISICIÓN DE ORDENADORES PERSONALES PARA AULAS DE FORMACIÓN DE LA CONSEJERÍA DE FOMENTO Y VIVIENDA";"CFV";"Suministro";"Contrato Menor";19777,45
"000155/2015/CHAP-AGESA/CAT";"Adquisición de 13 ordenadores de sobremesa y dos ordenadores portátiles.";"Adquisición de 13 ordenadores de sobremesa y dos ordenadores portátiles.";"CHAP-AGESA";"Suministro";"Encargo de ejecución";14919,3
"002172/2014/CHAP-AGESA/CAT";"Aquisición de un equipo HP ordenador personal de seobremesa.";"Aquisición de un equipo HP ordenador personal de seobremesa.";"CHAP-AGESA";"Suministro";"Encargo de ejecución";931,7
"000812/2014/CHAP-AGESA/CAT";"Equipo aire acondicionado";"Equipo aire acondicionado Daikin";"CHAP-AGESA";"Suministro";"Encargo de ejecución";0
"000045/2015/CHAP-AGESA/CAT";"Adquisición de cinco equipos HP ordenador personal de sobremesa.";"Adquisición de cinco equipos HP ordenador personal de sobremesa.";"CHAP-AGESA";"Suministro";"Encargo de ejecución";4658,5
"000458/2015/CHAPDGPD/CAT";"Renovación de 500 tarjetas criptográficas";"Renovación de 500 tarjetas criptográficas";"CHAPDGPD";"Suministro";"Contrato Menor";5999,5
"002334/2014/CHAPDGPD/CAT";"Adquisición de 200 tarjetas criptográficas.";"Adquisición de 200 tarjetas criptográficas";"CHAPDGPD";"Suministro";"Contrato Menor";2399,8
"000049/2014/CHAPDGPD/CAT";"prueba";"prueba";"CHAPDGPD";"Suministro";"Procedimiento abierto (LCSP)";0
"002457/2014/CHAPDGPD/CAT";"Adquisición 20 portátiles Toshiba Z30";"Portátiles";"CHAPDGPD";"Suministro";"Contrato Menor";21758,22
"000838/2014/CHAPDGPD/CAT";"Adquisición de 34 ordenadores de sobremesa";"Adquisición de 34 ordenadores de sobremesa";"CHAPDGPD";"Suministro";"Contrato Menor";21229,47
"002406/2014/CHAPDGPD/CAT";"Adquisición 20 portátiles Toshiba Z30";"Adquisición 20 portátiles Toshiba Z30";"CHAPDGPD";"Suministro";"Contrato Menor";21758,22
"000806/2014/CHAPDGPD/CAT";"PRUEBA - BORAR";"";"CHAPDGPD";"Obra";"Encargo de ejecución";0
"001878/2014/CHAPDGPD/CAT";"Reposición de 125 ordenadores de sobremesa";"Reposición de 125 ordenadores de sobremesa";"CHAPDGPD";"Suministro";"Procedimiento abierto (LCSP)";68516,25
"002405/2014/CHAPDGPD/CAT";"Adquisición de un escáner de red.";"Escáner de red.";"CHAPDGPD";"Suministro";"Contrato Menor";655,86
"000010/2014/CHAPDGPD/CAT";"Prueba";"";"CHAPDGPD";"Suministro";"Contrato Menor";0
"000048/2014/CHAPDGPD/CAT";"Prueba";"";"CHAPDGPD";"Suministro";"Contrato Menor";366,63
"000139/2014/CHAPDGPD/CAT";"Prueba";"";"CHAPDGPD";"Suministro";"Contrato Menor";0
"002372/2014/CHAP-IAAP/CAT";"SUMINISTRO DE ORDENADORES PORTÁTILES PARA EL IAAP";"SUMINISTRO DE ORDENADORES PORTÁTILES PARA EL IAAP";"CHAP-IAAP";"Suministro";"Contrato Menor";9182,12
"001883/2014/CHAP-IAAP/CAT";"SUMINISTRO DE 47 ORDENADORES PERSONALES PARA LAS AULAS DE INFORMATICA DEL NUEVO AULARIO DEL INSTITUTO ANDALUZ DE ADMINISTRACIÓN PÚBLICA";"SUMINISTRO DE 47 ORDENADORES PERSONALES PARA LAS AULAS DE INFORMATICA DEL NUEVO AULARIO DEL INSTITUTO ANDALUZ DE ADMINISTRACIÓN PÚBLICA";"CHAP-IAAP";"Suministro";"Negociado SIN publicidad";39752,13
"002156/2014/CHAP-IAAP/CAT";"RENOVACIÓN DE 37 PCs PARA LAS AULAS DE INFORMÁTICA DEL AULARIO DEL INSTITUTO ANDALUZ DE ADMINISTRACIÓN PÚBLICA ";"RENOVACIÓN DE 37 PCs PARA LAS AULAS DE INFORMÁTICA DEL AULARIO DEL INSTITUTO ANDALUZ DE ADMINISTRACIÓN PÚBLICA ";"CHAP-IAAP";"Suministro";"Contrato Menor";21741,28
"002149/2014/CHAP-IAAP/CAT";"RENOVACIÓN DE 37 PCs PARA LAS AULAS DE INFORMÁTICA DEL AULARIO DEL INSTITUTO ANDALUZ DE ADMINISTRACIÓN PÚBLICA";"RENOVACIÓN DE 37 PCs PARA LAS AULAS DE INFORMÁTICA DEL AULARIO DEL INSTITUTO ANDALUZ DE ADMINISTRACIÓN PÚBLICA";"CHAP-IAAP";"Suministro";"Contrato Menor";21041,9
"000278/2010/CICE-AGAE-SG/CAT";"COMPRA PORTATILES HP";"COMPRA 4 PORTATILES GRANDES Y 1 ULTRALIGERO.PRODUCTOS QUE NO APARECEN EN EL LISTADO:- ";"CICE-AGAE-SG";"Suministro";"Contrato Menor";722
"002118/2013/CJI/CAT";"Suministro de Fotocopiadoras para la Consejería de Justicia e Interior";"";"CJI";"Suministro";"Contrato Menor";18679,33
"002328/2014/CJI/CAT";"SUMINISTRO DE IMPRESORAS PARA LA CONSEJERIA DE JUSTICIA E INTERIOR. ";"";"CJI";"Suministro";"Contrato Menor";8944,32
"000014/2014/CJI/CAT";"SUMINISTRO DE FOTOCOPIADORAS, PARA LA UNIDAD DE POLICIA ADSCRITA.";"";"CJI";"Suministro";"Contrato Menor";21113,1
"002166/2014/CJI/CAT";"SUMINISTRO DE 3 IMPRESORAS LÁSER COLOR  PARA LA CONSEJERIA DE JUSTICIA E INTERIOR";"";"CJI";"Suministro";"Contrato Menor";2141,7
"001761/2014/CJI/CAT";"ADQUISICION DE 20 EQUIPOS (PC) DESTINADOS A LOS CENTROS INTEGRADOS DE EMERGENCIAS 112 ANDALUCÍA";"";"CJI";"Suministro";"Contrato Menor";12293,6
"002165/2014/CJI/CAT";"SUMINISTRO DE OCHO IMPRESORAS  MULTIFUNCIÓN  PARA  LA CONSEJERIA  DE  JUSTICIA E INTERIOR.";"";"CJI";"Suministro";"Contrato Menor";2904
"002303/2014/CJI/CAT";"SUMINISTRO DE IMPRESORAS PARA CARGOS DE LA CONSEJERIA DE JUSTICIA E INTERIOR.";"";"CJI";"Suministro";"Contrato Menor";8944,32
"002169/2013/CJI/CAT";"SUMINISTRO DE FOTOCOPIADORAS PARA LA UNIDAD DE POLICÍA ADSCRITA ";"";"CJI";"Suministro";"Contrato Menor";21113,1
"001355/2014/CJI-DG-IS/CAT";"SUMINISTRO DE IMPRESORAS LÁSER LOCALES PARA ÓRGANOS JUDICIALES Y FISCALÍA DE ANDALUCÍA (Se solicita la anulación de la comunicación 001351/2014/CJI-DG-IS/CAT por modificación en la Memoria Justificativa)";"Para  dar cobertura a las necesidades de impresión de personal específico a su servicio como son Jueces/Magistrados, Secretarios Judiciales y Fiscales, se va a proceder a la adquisición de 2.640 impresoras láser monocromo, para instalación en local";"CJI-DG-IS";"Suministro";"Negociado SIN publicidad";299986,1
"001351/2014/CJI-DG-IS/CAT";"SUMINISTRO DE IMPRESORAS LÁSER LOCALES PARA ÓRGANOS JUDICIALES Y FISCALÍA DE ANDALUCÍA";"Para  dar cobertura a las necesidades de impresión de personal específico a su servicio como son Jueces/Magistrados, Secretarios Judiciales y Fiscales, se va a proceder a la adquisición de 2.640 impresoras láser monocromo, para instalación en local.";"CJI-DG-IS";"Suministro";"Negociado SIN publicidad";299986,1
"002356/2014/CJI-DG-IS/CAT";"SUMINISTRO DE IMPRESORAS LÁSER COLOR PARA ÓRGANOS JUDICIALES E INSTITUTOS DE MEDICINA LEGAL DE ANDALUCÍA";"SUMINISTRO DE IMPRESORAS LÁSER COLOR PARA ÓRGANOS JUDICIALES E INSTITUTOS DE MEDICINA LEGAL DE ANDALUCÍA";"CJI-DG-IS";"Suministro";"Contrato Menor";20501,12
"001800/2014/CJI-DG-IS/CAT";"SUMINISTRO DE IMPRESORAS LÁSER COLOR PARA ÓRGANOS JUDICIALES E INSTITUTOS DE MEDICINA LEGAL DE ANDALUCÍA";"SUMINISTRO DE IMPRESORAS LÁSER COLOR PARA ÓRGANOS JUDICIALES E INSTITUTOS DE MEDICINA LEGAL DE ANDALUCÍA";"CJI-DG-IS";"Suministro";"Contrato Menor";21713,7
"001354/2014/CJI-DG-IS/CAT";"SUMINISTRO DE IMPRESORAS LÁSER LOCALES PARA ÓRGANOS JUDICIALES Y FISCALÍA DE ANDALUCÍA";"Para  dar cobertura a las necesidades de impresión de personal específico a su servicio como son Jueces/Magistrados, Secretarios Judiciales y Fiscales, se va a proceder a la adquisición de 2.640 impresoras láser monocromo, para instalación en local";"CJI-DG-IS";"Suministro";"Negociado SIN publicidad";299986,1
"001723/2014/CJI-DG-IS/CAT";"SUMINISTRO DE PROYECTORES MULTIMEDIA PARA ÓRGANOS JUDICIALES Y FISCALÍA DE ANDALUCÍA";"SUMINISTRO DE PROYECTORES MULTIMEDIA PARA ÓRGANOS JUDICIALES Y FISCALÍA DE ANDALUCÍA";"CJI-DG-IS";"Suministro";"Negociado SIN publicidad";23872,86
"001663/2014/CMAOT/CAT";"ADQUISICIÓN DE MICROORDENADORES PARA LA CONSEJERÍA DE MEDIO AMBIENTE Y ORDENACIÓN DEL TERRITORIO.";"ERROR EN LA COMUNICACIÓN ANTERIOR. SE COMUNICAN LAS CANTIDADES CORRECTAS DE CADA PRODUCTO.";"CMAOT";"Suministro";"Otras formas de ejecución";319736,38
"002530/2014/CMAOT/CAT";"ADQUISICIÓN DE PC'S PARA EL SV. DE INFORMÁTICA DE LA CONSEJERÍA DE MEDIO AMBIENTE Y ORDENACIÓN DEL TERRITORIO";"ADQUISICIÓN DE PC'S PARA EL SV. DE INFORMÁTICA DE LA CONSEJERÍA DE MEDIO AMBIENTE Y ORDENACIÓN DEL TERRITORIO";"CMAOT";"Suministro";"Contrato Menor";21343,19
"001385/2014/CMAOT/CAT";"ADQUISICIÓN DE MICROORDENADORES";"ADQUISICIÓN DE MICROORDENADORES PARA LA CONSEJERÍA DE MEDIO AMBIENTE Y ORDENACIÓN DEL TERRITORIO.";"CMAOT";"Suministro";"Otras formas de ejecución";319736,38
"002348/2014/CMAOT/CAT";"ADQUISICIÓN DE PORTÁTILES PARA LA CMAOT";"";"CMAOT";"Suministro";"Contrato Menor";21689,25
"002375/2014/CPRE/CAT";"ADQUISICIÓN DE 11 ORDENADORES PORTÁTILES  DE ALTAS PRESTACIONES PARA LA CONSEJERÍA DE LA PRESIDENCIA";"ADQUISICIÓN DE 11 ORDENADORES PORTÁTILES  DE ALTAS PRESTACIONES PARA LA CONSEJERÍA DE LA PRESIDENCIA";"CPRE";"Suministro";"Contrato Menor";10752,29
"002376/2014/CPRE/CAT";"ADQUISICIÓN DE 10 ORDENADORES PORTÁTILES PARA LA CONSEJERÍA DE LA PRESIDENCIA";"ADQUISICIÓN DE 10 ORDENADORES PORTÁTILES PARA LA CONSEJERÍA DE LA PRESIDENCIA";"CPRE";"Suministro";"Contrato Menor";10648
"000534/2014/CSBS/CAT";"SSCC ADQUISICIÓN DE ESCANER PARA LA SUBDIRECCIÓN DE INSPECCIÓN ";"";"CSBS";"Suministro";"Contrato Menor";11122,59
"001866/2014/CSBS/CAT";"D.T. HUELVA. Adq. 2 portatiles";"";"CSBS";"Suministro";"Contrato Menor";925,66
"001389/2014/CSBS/CAT";"D.T. ALMERIA IMPRESORA LASER MONOCROMO";"";"CSBS";"Suministro";"Contrato Menor";0
"001835/2014/CSBS/CAT";"SSCC: Ordenador Inspeccion";"";"CSBS";"Suministro";"Contrato Menor";841,63
"000456/2015/CSBS/CAT";"dd.tt. Sevilla. Adquisición equipos.";"";"CSBS";"Obra";"Encargo de ejecución";15391,2
"001732/2014/CSBS/CAT";"D.T. GRANADA. ADQUISICIÓN IMPRESORA LASER MONOCROMO";"";"CSBS";"Suministro";"Contrato Menor";484
"001884/2014/CSBS/CAT";"D.T.SEVILLA. adq. ordenador";"";"CSBS";"Suministro";"Contrato Menor";552,97
"000042/2014/CSBS/CAT";"d.t. Huelva. Adquisición 20 ordenadores";"";"CSBS";"Suministro";"Contrato Menor";11132
"000689/2014/CSBS/CAT";"ADQUISICIÓN DE 4 IMPRESORAS PARA LOS EQUIPOS PROVINCIALES DE LA INSPECCION DE ALMERIA, CADIZ, HUELVA Y SEVILLA.  ";"";"CSBS";"Suministro";"Contrato Menor";0
"000128/2014/CSBS/CAT";"Fungible Consejería de Igualdad, Salud y Politicas Sociales";"";"CSBS";"Suministro";"Contrato Menor";0
"000589/2014/CSBS/CAT";"ADQUISICIÓN DE UNA IMPRESORA A COLOR PARA LA CONSEJERIA DE IGUALDAD, SALUD Y POLITICAS SOCIALES";"";"CSBS";"Suministro";"Contrato Menor";332,75
"002189/2014/CSBS/CAT";"D.T. JAEN ADQUISICION MICROORDENADOR MAS ACCESORIOS";"";"CSBS";"Obra";"Encargo de ejecución";718,74
"002101/2014/CSBS/CAT";"D.T. ALMERIA ORDENADOR, LECTOR Y S.O.";"";"CSBS";"Obra";"Contrato Menor";548,13
"000690/2014/CSBS/CAT";"ADQUISICION DE 4 IMPRESORAS PARA LOS EQUIPOS DE INSPECCION PROVINCIALES ALMERIA, CADIZ, HUELVA Y SEVILLA";"";"CSBS";"Suministro";"Contrato Menor";1263,04
"002055/2014/CSBS/CAT";"D.T. SEVILLA";"";"CSBS";"Suministro";"Contrato Menor";2982,07
"002359/2014/CSBS/CAT";"D.T. CORDOBA. Adquisición impresora color";"";"CSBS";"Suministro";"Contrato Menor";474,32
"001028/2014/CSBS/CAT";"D.T. HUELVA ADQUISICION IMPRESORAS";"";"CSBS";"Suministro";"Encargo de ejecución";967,68
"001543/2014/CSBS/CAT";"D.T. ALMERÍA. IMPRESORA LASER Y ACCESORIO";"";"CSBS";"Suministro";"Contrato Menor";358,22
"002162/2014/CSBS/CAT";"D.T. HUELVA ADQUISICION ORDENADOR, S.O. MÁS ACCESORIOS";"";"CSBS";"Obra";"Encargo de ejecución";776,82
"000141/2015/CSBS-APESHAG/CAT";"ORDENADOR PORTÁTIL";"ORDENADOR PORTÁTIL";"CSBS-APESHAG";"Suministro";"Contrato Menor";956,51
"000160/2015/CSBS-ASSDA/CAT";"ASSDA-SUMINISTRO DE PCs PARA LA AGENCIA DE SERVICIOS SOCIALES Y DEPENDENCIA DE ANDALUCIA";"";"CSBS-ASSDA";"Suministro";"Otras formas de ejecución";67336,5
"002352/2014/CSBS-ASSDA/CAT";"ASSDA - SUMINISTRO 4 PORTATILES PARA REPOSICION Y MANTENIMIENTO";"";"CSBS-ASSDA";"Suministro";"Otras formas de ejecución";3794,56
"000077/2015/CSBS-EIHBG/CAT";"Escaner a color alimentador de hojas para el Hospital de Alta Resolución Sierra Norte perteneciente a la Agencia Publica Empresarial Sanitaria ";"";"CSBS-EIHBG";"Suministro";"Contrato Menor";0
"000018/2015/CSBS-EIHBG/CAT";"ADQUISICIÓN ESCANER A COLOR CON ALIMENTADOR DE HOJAS PARA LA AGENCIA PÚBLICA EMPRESARIAL SANITARIA BAJO GUADALQUIVIR";"";"CSBS-EIHBG";"Suministro";"Contrato Menor";300,31
"000079/2015/CSBS-EIHBG/CAT";"Escaner a color alimentador de hojas para el Hospital de Alta Resolución Sierra Norte perteneciente a la Agencia Publica Empresarial Sanitaria Bajo Guadalquivir";"";"CSBS-EIHBG";"Suministro";"Contrato Menor";0
"000341/2014/CSBS-EIHBG/CAT";"adquisicion";"";"CSBS-EIHBG";"Suministro";"Contrato Menor";0
"000115/2015/CSBS-EIHBG/CAT";"Adquisición de un lector laser USB de códigos de barra para el Hospital de Alta Resolución de Ecija perteneciente a la Agencia Pública Empresarial Sanitaria BAjo Guadalquivir.";"";"CSBS-EIHBG";"Suministro";"Contrato Menor";0
"000078/2015/CSBS-EIHBG/CAT";"Escaner a color alimentador de hojas para el Hospital de Alta Resolución Sierra Norte perteneciente a la Agencia Publica Empresarial Sanitaria Bajo Guadalquivir";"";"CSBS-EIHBG";"Suministro";"Contrato Menor";0
"000083/2015/CSBS-EIHBG/CAT";"Escaner a color alimentador de hojas para el Hospital de Alta Resolución Sierra Norte perteneciente a la Agencia Publica Empresarial Sanitaria Bajo Guadalquivir";"";"CSBS-EIHBG";"Suministro";"Contrato Menor";900,93
"000015/2014/CSBS-EPES/CAT";"Suministro de PCs clientes ligeros ";"";"CSBS-EPES";"Suministro";"Procedimiento abierto (LCSP)";0
"001729/2014/CSBS-EPES/CAT";"Suministro de impresora del CBH";"Impresora marca Brother modelo HL-L236DDN ";"CSBS-EPES";"Suministro";"Contrato Menor";152,46
"000050/2014/CSBS-EPES/CAT";"Suministro de Terminales ligeros y PC's de CBH";"Suministro de Terminales ligeros y PC's de CBH";"CSBS-EPES";"Suministro";"Procedimiento abierto (LCSP)";62327,1
"001816/2014/CTC/CAT";"ADQUISICIÓN DE 30 MICROORDENADORES DE SOBREMESA";"";"CTC";"Suministro";"Contrato Menor";21562,2
"001771/2014/CTC/CAT";"Adquisición de un videoproyector marca Dell del C.B.H. con lámpara de repuesto para los SS.CC.";"Adquisición de un videoproyector marca Dell del C.B.H. con lámpara de repuesto para los SS.CC.";"CTC";"Suministro";"Contrato Menor";1045,17
"000168/2014/CTC/CAT";"Adquisición de una impresora de tarjetas criptográficas Datacard CD88 del C.B.H. para los SS.CC.";"Adquisición de una impresora de tarjetas criptográficas Datacard CD88 del C.B.H. para los SS.CC.";"CTC";"Suministro";"Contrato Menor";2117,5
"001516/2014/CTC/CAT";"Adquisición de 5 microordenadores portátiles con disco SSD";"Adquisición de 5 microordenadores portátiles con disco SSD";"CTC";"Suministro";"Contrato Menor";5168,1
"000198/2015/CTC/CAT";"Adquisición de 28 unidades de microordenador de sobremesa TTl-PC3 con monitor, mediante oferta puntual de reducción de precios, para los SS.CC.";"Adquisición de 28 unidades de microordenador de sobremesa TTl-PC3 con monitor, mediante oferta puntual de reducción de precios, para los SS.CC.";"CTC";"Suministro";"Contrato Menor";21779,76
"000161/2015/CTC/CAT";"Adquisición de 50 unidades de tarjetas criptográficas para los SS.CC.";"Adquisición de 50 unidades de tarjetas criptográficas para los SS.CC.";"CTC";"Suministro";"Contrato Menor";610,45
"000264/2015/CTC/CAT";"adquisición de 2 unidades de lector y escritor de tarjetas criptográficas del C.B.H. para los SS.CC.";"adquisición de 2 unidades de lector y escritor de tarjetas criptográficas del C.B.H. para los SS.CC.";"CTC";"Suministro";"Contrato Menor";20,32
"000295/2015/CTC/CAT";"Adquisición de 2 impresoras Lexmark laser monócromas y 2 impresora Lexmark laser color del C.B.H. para los SS.CC.";"Adquisición de 2 impresoras Lexmark laser monócromas y 2 impresora Lexmark laser color del C.B.H. para los SS.CC.";"CTC";"Suministro";"Contrato Menor";716,32
"001651/2014/CTC/CAT";"Adquisición de 30 unidades de tarjetas criptográficas con chip Mifare y banda magnética para los SS.CC.";"Adquisición de 30 unidades de tarjetas criptográficas con chip Mifare y banda magnética para los SS.CC.";"CTC";"Suministro";"Contrato Menor";366,27
"001524/2014/CTC/CAT";"Adquisición de 25 unidades de microordenadores de sobremesa del C.B.H.  TTL-PC3, mediante oferta puntual de reducción de precios para los SS.CC.";"Adquisición de 25 unidades de microordenadores de sobremesa del C.B.H.  TTL-PC3, mediante oferta puntual de reducción de precios para los SS.CC.";"CTC";"Suministro";"Contrato Menor";17859,3
"000684/2014/CTC/CAT";"Adquisición de 61 unidades de microordenador de sobremesa del C.B.H. Hewlett Packard Prodesk 600 core i3, mediante oferta puntual de reducción de precios para los SS.CC.";"Adquisición de 61 unidades de microordenador de sobremesa del C.B.H. Hewlett Packard Prodesk 600 core i3, mediante oferta puntual de reducción de precios para los SS.CC.";"CTC";"Suministro";"Negociado SIN publicidad";38088,4
"000738/2014/CTC/CAT";"prueba";"";"CTC";"Suministro";"Contrato Menor";0
"000583/2014/CTC/CAT";"Adquisición de 23 microordenadores de sobremesa TTL PC2 del Catálogo de Bienes Homologados mediante oferta puntual de reducción de precios para los SS.CC.";"Adquisición de 23 microordenadores de sobremesa TTL PC2 del Catálogo de Bienes Homologados mediante oferta puntual de reducción de precios para los SS.CC.";"CTC";"Suministro";"Contrato Menor";13948,4
"000345/2014/CTC/CAT";"Adquisición de 5 unidades de microordenador de sobremesa del C.B.H. Toshiba Satellite Pro c50, para los SS.CC.mediante oferta puntual";"Adquisición de 5 unidades de microordenador de sobremesa del C.B.H. Toshiba Satellite Pro c50, para los SS.CC.mediante oferta puntual";"CTC";"Suministro";"Contrato Menor";3551,35
"001517/2014/CTC/CAT";"Adquisición de 15 microordenadores de sobremesa marca TTL, modelo TTL-PC3, mediante oferta puntual";"Adquisición de 15 microordenadores de sobremesa marca TTL, modelo TTL-PC3, mediante oferta puntual";"CTC";"Suministro";"Contrato Menor";10715,58
"000021/2014/EIAOPJA/CAT";"RENOVACIÓN DE ESTACVIONES DE TRABAJO PC";"Adquisición de equipos PC para sustitución de equipos obsoletos.";"EIAOPJA";"Suministro";"Otras formas de ejecución";38380,6
"001787/2014/EIEPTD/CAT";"ADQUISICION EQUIPAMIENTO SEDE HOTEL ESCUELA ARCHIDONA POR OBSOLESCENCIA";"";"EIEPTD";"Suministro";"Otras formas de ejecución";43819,82
"002034/2014/EIEPTD/CAT";"Adquisición de impresora inyección de tinta para la OT de Málaga Centro de la rama de actividad turística de EPTDA";"";"EIEPTD";"Suministro";"Contrato Menor";120,58
"000031/2014/EIEPTD/CAT";"ADQUISICION DE UN MICROORDENADOR PORTATIL CON OPCIONES Y ACCESORIOS PARA LA SEDE ESTADIO OLIMPICO SEVILLA DE LA RAMA ACTIVIDAD TURISTICA EPGTDA";"";"EIEPTD";"Suministro";"Contrato Menor";1289,85
"002217/2013/EIEPTD/CAT";"ADQUISICION DE 6 MICROORDENADORES PORTATILES CON ACCESORIOS Y OPCIONES PARA LAS SEDES DE LA RAMA DE ACTIVIDAD TURISTICA DE LA EPGTDA";"";"EIEPTD";"Suministro";"Contrato Menor";7071,54
"001432/2014/EIEPTD/CAT";"ADQUISICION DE 5 EQUIPOS INFORMATICOS PARA LA SECCION DE DEPORTE DE LA EMPRESA PUBLICA PARA LA GESTION DEL TURISMO Y DEL DEPORTE DE ANDALUCIA.  ";"";"EIEPTD";"Suministro";"Encargo de ejecución";4678,16
"000421/2014/EIEPTD/CAT";"ADQUISICION DE ORDENADOR PORTATIL DELL LATITUDE 14 7000 SERIES PARA LA RAMA DE ACTIVIDAD TURISTICA";"";"EIEPTD";"Suministro";"Contrato Menor";1336,09
"000586/2014/EIEPTD/CAT";"ADQUISICIÓN DE EQUIPAMIENTO MICROINFORMÁTICO DE CPUS Y PORTATILES PARA LA RAMA DE TURISMO DE LA EMPRESA PUBLICA";"";"EIEPTD";"Suministro";"Otras formas de ejecución";13687,63
"000599/2014/EIEPTD/CAT";"ADQUISICION EQUIPAMIENTO SEDE HOTEL ESCUELA ARCHIDONA POR OBSOLESCENCIA";"";"EIEPTD";"Suministro";"Otras formas de ejecución";47910,36
"000151/2014/EIEPTD/CAT";"ADQUISICION DE 7 MICROORDENADORES PORTATILES CON ACCESORIOS Y OPCIONES PARA LAS SEDES DE LA RAMA DE ACTIVIDAD TURISTICA DE LA EPGTDA";"";"EIEPTD";"Suministro";"Contrato Menor";6252,68
"000298/2014/EIEPTD/CAT";"ADQUISICION DE 53 ESTACIONES DE TRABAJO DELL OPTIPLEX 9020DT CON ACCESORIOS PARA SUSTITUCION DE EQUIPAMIENTO OBSOLETO DE LA RAMA DE ACTIVIDAD TURISTICA";"";"EIEPTD";"Obra";"Encargo de ejecución";48707,35
"002197/2014/EIEPTD/CAT";"Adquisición de un equipo informático para Andalucia Labs dentro de la rama de actividad turística de EPTDA";"";"EIEPTD";"Suministro";"Contrato Menor";793,37
"001613/2014/EIEPTD/CAT";"ADQUISICION DE UN PORTATIL PARA LA SECCION DE DEPORTE DE EPGTDA.";"";"EIEPTD";"Suministro";"Encargo de ejecución";1011,79
"002503/2014/EIEPTD/CAT";"Adquisición de una impresora laser color de red  para la Empresa Pública para la Gestión del Turismo y del Deporte dentro de la rama de actividad turística de EPTDA ";"";"EIEPTD";"Suministro";"Contrato Menor";421,55
"001331/2014/EIEPTD/CAT";"ADQUISICION DE 4 EQUIPOS INFORMATICOS PARA LA SECCION DE DEPORTE DE LA EMPRESA PUBLICA PARA LA GESTION DEL TURISMO Y DEL DEPORTE DE ANDALUCIA.";"";"EIEPTD";"Suministro";"Encargo de ejecución";2835,02
"002500/2014/EIEPTD/CAT";"Adquisición de un escáner de red  para la Empresa Pública para la Gestión del Turismo y del Deporte dentro de la rama de actividad turística de EPTDA ";"";"EIEPTD";"Suministro";"Contrato Menor";682,59
"001792/2014/EIEPTD/CAT";"ADQUISICION DE 2 PORTATILES PARA SERVICIO AL HOTEL ESCUELA DE ARCHIDONA";"";"EIEPTD";"Suministro";"Contrato Menor";2310,32
"000145/2014/EIEPTD/CAT";"ADQUISICION DE 6 MICROORDENADORES PORTATILES CON ACCESORIOS Y OPCIONES PARA LAS SEDES DE LA RAMA DE ACTIVIDAD TURISTICA DE LA EPGTDA";"";"EIEPTD";"Suministro";"Contrato Menor";5359,44
"000676/2014/EIEPTD/CAT";"ADQUISICION DE 3 FOTOCOPIADORAS ESTANDARD COLOR VELOCIDAD COLOR DE 15 A 22 COPIAS/MINUTO, PARA LAS SEDES DE LA RAMA DE ACTIVIDAD TURISTICA DE LA EMPRESA PUBLICA";"";"EIEPTD";"Suministro";"Contrato Menor";10748,43
"002504/2014/EIIAPH/CAT";"Renovación de PCs para el IAPH";"Se necesitan adquirir ordenadores para la renovación de equipos obsoletos fuera de garantía y mantenimiento extendido que no pueden ser actualizados para el soporte de las nuevas versiones del sistema operativo.";"EIIAPH";"Suministro";"Contrato Menor";5083,86
"000359/2014/FPGYS/CAT";"37.Microordenador portátil pantalla 15"" Toshiba";"Microordenador portátil pantalla 15"" Toshiba";"FPGYS";"Suministro";"Contrato Menor";0
"001561/2014/FPGYS/CAT";"121. Microordenador portatil ultraligero Hewlett Packard";"Microordenador portatil ultraligero Hewlett Packard";"FPGYS";"Suministro";"Contrato Menor";1266,87
"002532/2014/FPGYS/CAT";"177. Ordenador portátil AYESA";"Ordenador portátil AYESA";"FPGYS";"Suministro";"Contrato Menor";1076,19
"002223/2014/FPGYS/CAT";"161. Ordenador sobremesa HP";"Ordenador sobremesa HP";"FPGYS";"Suministro";"Contrato Menor";1202,74
"001658/2014/FPGYS/CAT";"120. 2 Microordenadores portátiles ultraligero HPMICRO150920141445H18";"120. 2 Microordenadores portátiles ultraligero HPMICRO150920141445H18";"FPGYS";"Obra";"Encargo de ejecución";0
"002378/2014/FPGYS/CAT";"169. Ordenador HP";"Ordenador HP";"FPGYS";"Suministro";"Contrato Menor";1155,55
"000530/2014/FPGYS/CAT";"50. MICROORDENADOR DE SOBREMESA.MODELO OPTIPLEX 9020USFF";"MICROORDENADOR DE SOBREMESA.MODELO OPTIPLEX 9020USFF";"FPGYS";"Suministro";"Contrato Menor";2783
"001666/2014/FPGYS/CAT";"135. HP ELITEDESK 800G1 SFF FACTOR BUSINESS PC";"HP ELITEDESK 800G1 SFF FACTOR BUSINESS PC";"FPGYS";"Suministro";"Contrato Menor";2908,84
"000439/2015/FPGYS/CAT";"040. ORDENADOR MATX TOOL LESS";"ORDENADOR MATX TOOL LESS";"FPGYS";"Suministro";"Contrato Menor";615,3
"001824/2014/FPGYS/CAT";"144. Microordenador portátil HP";"Microordenador portátil HP";"FPGYS";"Suministro";"Contrato Menor";3502,95
"000777/2014/FPGYS/CAT";"64. Microordenador portátil Toshiba";"Microordenador portátil Toshiba";"FPGYS";"Suministro";"Contrato Menor";3551,35
"000111/2014/FPGYS/CAT";"9. Microordenador de sobremesa TTL COMPUTER";"Microordenador de sobremesa TTL COMPUTER";"FPGYS";"Suministro";"Contrato Menor";578,54
"000700/2014/FPGYS/CAT";"50. 50. MICROORDENADOR DE SOBREMESA. MODELO OPTIPLEX 9020USFF ";"50. MICROORDENADOR DE SOBREMESA. MODELO OPTIPLEX 9020USFF ";"FPGYS";"Suministro";"Contrato Menor";3896,2
"000024/2015/FPGYS/CAT";"006. Microordenador de sobremesa HP";"Microordenador de sobremesa HP";"FPGYS";"Suministro";"Contrato Menor";1807,74
"001414/2014/FPGYS/CAT";"114. Microordenador portátil ultraligero HP";"Microordenador portátil ultraligero HP";"FPGYS";"Suministro";"Contrato Menor";821,59
"000282/2015/FPGYS/CAT";"25. Ordenador HP";"Ordenador HP";"FPGYS";"Suministro";"Contrato Menor";699,38
"000297/2015/FPGYS/CAT";"27. Ordenador DELL";"Ordenador DELL";"FPGYS";"Suministro";"Contrato Menor";894,29
"001840/2014/FPGYS/CAT";"146. Ordenador portátil TOSHIBA";"Ordenador portátil TOSHIBA";"FPGYS";"Suministro";"Contrato Menor";1041,81
"000494/2014/FPGYS/CAT";"46. Microordenador portátil ultraligero y Ordenador de sobremesa ";"Microordenador portátil ultraligero y Ordenador de sobremesa ";"FPGYS";"Suministro";"Contrato Menor";2737,02
"000360/2014/FPGYS/CAT";"37. Microordenador portátil pantalla 15"" Toshiba";"Microordenador portátil pantalla 15"" Toshiba";"FPGYS";"Obra";"Encargo de ejecución";4971,89
"000549/2014/FPGYS/CAT";"49. ADQUISICIÓN DISCO DURO ";"49. ADQUISICIÓN DISCO DURO ";"FPGYS";"Suministro";"Contrato Menor";0
"001655/2014/FPGYS/CAT";"133. Ordenador Portátil HP";"Ordenador Portátil HP";"FPGYS";"Suministro";"Contrato Menor";0
"001665/2014/FPGYS/CAT";"134. Ordenador DELL";"Ordenador DELL";"FPGYS";"Suministro";"Contrato Menor";963,15
"000630/2014/IAJ/CAT";"Suministro impresora CS310DN para Málaga";"Suministro impresora CS310DN para Málaga";"IAJ";"Suministro";"Contrato Menor";393,25
"001390/2014/IDEA/CAT";"Suministro mediante adquisición de material microinformático de 15 ordenadores portátiles y 30 ordenadores de sobremesa para las distintas dependencias de la Agencia de Innovación y Desarrollo de Andalucía¿, a través del Catálogo de Bienes Homologado";"";"IDEA";"Suministro";"Otras formas de ejecución";37116,75
"001784/2014/IDEA/CAT";"Suministro mediante adquisición de material microinformático de 15 ordenadores portátiles y 30 ordenadores de sobremesa para las distintas dependencias de la Agencia de Innovación y Desarrollo de Andalucía, a través del Catálogo de Bienes Homologados";"";"IDEA";"Obra";"Otras formas de ejecución";37243,8
"000009/2014/IDEA/CAT";"ALQUILER DE 7 FOTOCOPIADORA COLOR VELOCIDAD COLOR DE 30 A 39 COPIAS/MINUTO";"ALQUILER DE 7 FOTOCOPIADORA COLOR VELOCIDAD COLOR DE 30 A 39 COPIAS/MINUTO, MARCA RICOH, MODELO MPC3002AD";"IDEA";"Suministro";"Encargo de ejecución";0
"001590/2014/IFAPA-INF/CAT";"Suministro de dos portatiles para los SSCC de IFAPA";"";"IFAPA-INF";"Suministro";"Contrato Menor";3287,56
"000314/2014/IFAPA-INF/CAT";"SUMINISTRO E INSTALACION DE VIDEOPROYECTORES DIGITALES";"";"IFAPA-INF";"Obra";"Encargo de ejecución";4687,58
"000214/2015/IFAPA-INF/CAT";"Suministro de portatil ligero Toshiba";"";"IFAPA-INF";"Suministro";"Contrato Menor";1260,82
"001248/2014/IFAPA-INF/CAT";"SUMINISTRO DE UN ORDENADOR PORTATIL PARA PROYECTO DE INVESTIGACION CPM 12-02 CATCH-C";"";"IFAPA-INF";"Suministro";"Contrato Menor";2064,25
"000280/2014/IFAPA-INF/CAT";"Suministro portatil";"";"IFAPA-INF";"Suministro";"Contrato Menor";1053,31
"001247/2014/IFAPA-INF/CAT";"SUMINISTRO DE 10 PROYECTORES DIGITALES PARA LAS ACTIVIDADES DE FORMACION Y TRANSFERENCIA EN CENTROS IFAPA";"";"IFAPA-INF";"Suministro";"Contrato Menor";6154,8
"000409/2015/IFAPA-INF/CAT";"SUMINISTRO DE 20 TARJETAS CRIPTOGRÁFICAS";"";"IFAPA-INF";"Suministro";"Contrato Menor";239,98
"000275/2014/IFAPA-INF/CAT";"SUMINISTRO E INSTALACION DE VIDEOPROYECTORES DIGITALES";"";"IFAPA-INF";"Suministro";"Contrato Menor";4362,86
"000477/2014/IFAPA-INF/CAT";"1 ORDENADOR MARCO DEL PROYECTO CAICDT 13/105 CENTRO IFAPA RANCHO DE LA MERCED";"";"IFAPA-INF";"Suministro";"Contrato Menor";805,86
"000319/2015/IFAPA-INF/CAT";"SUMINISTRO DE 7 MICROORDENADORES PORTATILES PARA AULA MOVIL DE REALIZACION DE PRACTICAS DE COMUNICACIONES MARITIMAS";"";"IFAPA-INF";"Suministro";"Contrato Menor";7203,77
"002060/2014/IFAPA-INF/CAT";"Compra de dos ordenadores de sobremesa para laboratorio de pesca";"Centro IFAPA El Toruño";"IFAPA-INF";"Suministro";"Contrato Menor";3361,64
"000435/2015/IFAPA-INF/CAT";"SUMINISTRO DE 6 IMPRESORAS LASER EN COLOR";"";"IFAPA-INF";"Suministro";"Contrato Menor";4755,3
"000521/2014/IMABIS/CAT";"CINF 14 03 Bravo Toshiba y Dell";"CINF 14 03 Adquisición de dos ordenadores portátiles Toshiba y Dell";"IMABIS";"Suministro";"Contrato Menor";3489,65
"000319/2014/IMABIS/CAT";"CINF 14 04";"Microordenador portatil 15""";"IMABIS";"Suministro";"Contrato Menor";706,64
"001226/2014/IMABIS/CAT";"CINF14/23 Impresora Herrera";"CINF14/23 ";"IMABIS";"Suministro";"Contrato Menor";142,18
"001230/2014/IMABIS/CAT";"CINF14/25 Impresora";"CINF14/25 V Luque";"IMABIS";"Suministro";"Contrato Menor";142,18
"002353/2014/IMABIS/CAT";"CINF14/34 Infeccioso";"";"IMABIS";"Suministro";"Contrato Menor";1393,66
"001848/2014/IMABIS/CAT";"CINF14/32";"";"IMABIS";"Suministro";"Contrato Menor";951,06
"000675/2014/IMABIS/CAT";"CINF14/05 R Toledo";"CINF14/05 Portátil R Toledo";"IMABIS";"Suministro";"Contrato Menor";842,16
"000028/2014/IMABIS/CAT";"MODIFICACION EXPDTE CINF 27 2013 ";"MODIFICACION EXPDTE CING 27 2013 POR NECESIDAD DE DUPLICAR EL NUMERO DE ACCESORIOS  Y SE ELIMINA EL ARTICULO DE REFERENCIA 320151023820";"IMABIS";"Obra";"Encargo de ejecución";0
"000897/2014/IMABIS/CAT";"CINF14/15 Dell Palomo Bravo";"CINF14/15 Portátil Dell Palomo Bravo";"IMABIS";"Suministro";"Contrato Menor";1431,49
"001508/2014/IMABIS/CAT";"CINF14/29 Sobremesa Neurociencias";"";"IMABIS";"Suministro";"Contrato Menor";1086,14
"000931/2014/IMABIS/CAT";"CINF14/17 Ultrabook Lucena";"CINF14/17 Ultrabook Lucena";"IMABIS";"Suministro";"Contrato Menor";1209,75
"000932/2014/IMABIS/CAT";"CINF14 /17";"CINF14/17 Ultrabook Lucena";"IMABIS";"Suministro";"Contrato Menor";646,73
"000638/2014/IMABIS/CAT";"CINF14/10 Portátil DELL JS";"";"IMABIS";"Suministro";"Contrato Menor";811,65
"001269/2014/IMABIS/CAT";"CINF14/24 Portátil E.";"";"IMABIS";"Suministro";"Contrato Menor";1033,62
"001597/2014/IMABIS/CAT";"CINF14 29 Impresora";"";"IMABIS";"Suministro";"Contrato Menor";325,76
"001427/2014/IMABIS/CAT";"CINF14/28 Dell ";"Dell M Redondo";"IMABIS";"Suministro";"Contrato Menor";769,47
"000320/2015/IMABIS/CAT";"CINF15013";"CINF15013";"IMABIS";"Suministro";"Contrato Menor";2173,16
"000074/2015/IMABIS/CAT";"CINF15/03 Sobremesas";"";"IMABIS";"Suministro";"Contrato Menor";1914,26
"000326/2015/IMABIS/CAT";"CINF15013";"CINF15013";"IMABIS";"Suministro";"Contrato Menor";2173,16
"000340/2015/IMABIS/CAT";"CINF15010 ";"CINF15010 Proyecto y microordenador";"IMABIS";"Suministro";"Contrato Menor";1642,43
"000329/2014/IMABIS/CAT";"CINF 14 01 Microordenador sobremesa hp";"CINF 14 01 Microordenador sobremesa hp";"IMABIS";"Obra";"Contrato Menor";354,53
"000885/2014/IMABIS/CAT";"CINF14/14 Portátil Toshiba sin fuente alim";"CINF14/14 Portátil Toshiba sin fuente alim Palomo Bravo";"IMABIS";"Suministro";"Contrato Menor";1212,42
"002257/2014/IMABIS/CAT";"CINF14/98";"";"IMABIS";"Suministro";"Contrato Menor";0
"000292/2015/IMABIS/CAT";"CINF15007";"CINF15007 Microordenador Oncologia";"IMABIS";"Suministro";"Contrato Menor";603,79
"000289/2015/IMABIS/CAT";"CINF15008";"CINF15008 Microordenador";"IMABIS";"Suministro";"Contrato Menor";1065,34
"001231/2014/IMABIS/CAT";"CINF14/26 Impresora";"CINF14/26 Impresora Ver";"IMABIS";"Suministro";"Contrato Menor";142,18
"000026/2014/IMABIS/CAT";"MODIFICACION CINF 27 2013";"AMPLIACION DEL NUMERO DE ACCESORIOS ADEMAS SE  AÑADE EL ARTICULO DE REFERENCIA 320151023830 Y SE ELIMINA EL ARTICULO DE REFERENCIA 320151023820";"IMABIS";"Suministro";"Contrato Menor";0
"000597/2014/IMABIS/CAT";"CINF14/12 Impresora HP";"CINF14/12 Impresora HP C Sánchez";"IMABIS";"Suministro";"Contrato Menor";315,76
"000283/2015/IMABIS/CAT";"CINF15004";"CINF15004 Impresora";"IMABIS";"Suministro";"Contrato Menor";442,56
"000051/2015/IMABIS/CAT";"CINF15/02 Impresora Temboury";"";"IMABIS";"Suministro";"Contrato Menor";676,56
"000046/2015/IMABIS/CAT";"CINF15/01 Dell Sayago";"";"IMABIS";"Suministro";"Contrato Menor";1149,56
"002482/2014/IMABIS/CAT";"CINF14/36";"CINF14/36";"IMABIS";"Suministro";"Contrato Menor";1343,16
"000325/2015/IMABIS/CAT";"CINF15014 ";"CINF15014 Impresoras Nefrologia";"IMABIS";"Suministro";"Contrato Menor";1165,44
"001172/2014/IMABIS/CAT";"CINF14/22 Dell Tinahones";"";"IMABIS";"Suministro";"Contrato Menor";714,96
"000352/2015/IMABIS/CAT";"CINF15015";"CINF15015 ";"IMABIS";"Suministro";"Contrato Menor";1236,96
"001747/2014/IMABIS/CAT";"CINF14/30 Sobremesa DELL ";"Sobremesa DELL Begoña";"IMABIS";"Suministro";"Contrato Menor";877,59
"000395/2014/IMABIS/CAT";"CINF 14 07  Portátil Samsung";"CINF 14 07 Microportátil ultraligero Samsung con accesorios";"IMABIS";"Suministro";"Contrato Menor";1432,31
"000288/2015/IMABIS/CAT";"CINF15012";"CINF15012 Impresora multifunción";"IMABIS";"Suministro";"Contrato Menor";354,72
"000078/2014/IMABIS/CAT";" CINF 2014 01";"Compra multiproyector multimedia";"IMABIS";"Suministro";"Contrato Menor";1147
"000649/2014/IMABIS/CAT";"CINF14 15 Portátil Dell Palomo";"CINF14 15 Portátil Dell Palomo";"IMABIS";"Suministro";"Contrato Menor";1616,56
"000291/2015/IMABIS/CAT";"CINF15007";"CINF15007";"IMABIS";"Suministro";"Contrato Menor";600,16
"000585/2014/IMABIS/CAT";"CINF 14/11 Impresora y portátil HP";"CINF 14/11 Impresora y portátil HP";"IMABIS";"Suministro";"Contrato Menor";1616,56
"000632/2014/IMABIS/CAT";"CINF14 14 Palomo Toshiba";"CINF14 14 Adquisición portátil Toshiba - Palomo ";"IMABIS";"Suministro";"Contrato Menor";1246,3
"001085/2014/IMABIS/CAT";"CINF14/17 Toshiba ";"Toshiba Inma Picón";"IMABIS";"Suministro";"Contrato Menor";588,06
"000290/2015/IMABIS/CAT";"CINF15010";"CINF15010 Microordenador y proyector";"IMABIS";"Suministro";"Contrato Menor";1509,33
"002354/2014/IMABIS/CAT";"CINF14/33";"Portátil Miranda";"IMABIS";"Suministro";"Contrato Menor";1137,4
"000594/2014/ISE/CAT";"00191/ISE/2014/SC - PROYECTO MULTIMEDIA SIN MANDO A DISTANCIA";"PROYECTO MULTIMEDIA SIN MANDO A DISTANCIA";"ISE";"Suministro";"Contrato Menor";441,11
"000795/2014/ISE/CAT";"ADQUISICIÓN IMPRESORAS DIRECCIONES DE CONTRATACIÓN, ORGANIZACIÓN Y FINANZAS Y ASESORIAJURÍDICA/COMUNICACIÓN";"";"ISE";"Suministro";"Contrato Menor";21750,96
"000921/2014/PAG/CAT";"Ordenadores";"";"PAG";"Suministro";"Contrato Menor";21446,4
"000887/2014/PAG/CAT";"Ordenadores";"";"PAG";"Suministro";"Contrato Menor";25656,84
"002524/2014/PAG/CAT";"Adquisicion 4 portátiles y 1 proyector";"";"PAG";"Suministro";"Contrato Menor";6389,19
"000246/2015/PAG/CAT";"Adquisicion ordenadores";"";"PAG";"Suministro";"Contrato Menor";7967,85
"002541/2014/PAG/CAT";"Adquisicion portatiles y proyector";"";"PAG";"Suministro";"Contrato Menor";5856,79
"000859/2014/PAG/CAT";"Suministro ordenadores";"";"PAG";"Suministro";"Contrato Menor";25847,1
"000840/2014/PAG/CAT";"Ordenadores";"";"PAG";"Suministro";"Contrato Menor";21245,22
"000720/2014/PAG/CAT";"Adquisición de 3 impresoras";"";"PAG";"Suministro";"Contrato Menor";1183,89
"002540/2014/PAG/CAT";"Adquisicion portatiles y proyector";"";"PAG";"Suministro";"Contrato Menor";5585,47
"002301/2014/SAE/CAT";"SUMINISTRO DE 600 MICROORDENADORES FUJITSU. Esta sustituye la comunicación 001987/2014/SAE/CAT por error material en el precio al no incluir en la misma los decimales en el precio sin IVA de la oferta puntual";"";"SAE";"Suministro";"Otras formas de ejecución";427824,54
"001271/2014/SAE/CAT";"Suministro de  150 impresoras para los puntos de empleo del Servicio Andaluz de Empleo";"";"SAE";"Suministro";"Negociado SIN publicidad";21054
"001990/2014/SAE/CAT";" suministro de 600 Microordenadores Lenovo para el Servicio Andaluz de Empleo";"";"SAE";"Suministro";"Otras formas de ejecución";282414
"002006/2014/SAE/CAT";"Suministro de 2 impresoras de impacto matricial para el Servicio Andaluz de Empleo";"";"SAE";"Suministro";"Otras formas de ejecución";2343,78
"001987/2014/SAE/CAT";"Suministro de 600 Microordenadores Fujitsu para el Servicio Andaluz de Empleo";"";"SAE";"Suministro";"Otras formas de ejecución";427614
"002094/2014/SAE/CAT";"Suministro de 760 impresoras laser blanco y negro para el Servicio Andaluz de Empleo";"";"SAE";"Suministro";"Otras formas de ejecución";102075,6
"001002/2014/SANDETEL/CAT";"Adquisición de portátiles mediante catálogo de bieneshomologados";"Adquisición de portátiles mediante CBH según configuración definida en el anexo MICRO080620142211J29. Son 5 equipos HP PROBOOK 450 G1 con sus extras, 5 equipos HP 6470B con sus extras, 5 equipos HP 8570P y 15 equipos HP 2570P con sus extras";"SANDETEL";"Suministro";"Contrato Menor";32173,9
"000158/2015/SANDETEL/CAT";"Ampliación soporte equipos multifuncionales Ricoh durante 6 meses";"Ampliación soporte equipos multifuncionales Ricoh durante 6 meses";"SANDETEL";"Servicio";"Contrato Menor";0
"000730/2014/SANDETEL/CAT";"Adquisición de 20 ordenadores portátiles a través del CBH";"";"SANDETEL";"Suministro";"Contrato Menor";21955,45
"000552/2014/SAS/CAT";"Portatiles Formacion";"Distrito Sanitario Sevilla";"SAS";"Suministro";"Contrato Menor";1226,94
"000554/2014/SAS/CAT";"Lectores Codigos de Barra";"Distrito Sanitario Sevilla";"SAS";"Suministro";"Contrato Menor";0
"002131/2014/SAS/CAT";"Compra Multifuncion para Registro Voluntades Anticipadas";"";"SAS";"Suministro";"Contrato Menor";301,29
"000075/2015/SAS/CAT";"PC para estaciones de PACS Area Gestion Sanitaria Norte de Huelva";"";"SAS";"Suministro";"Contrato Menor";6947,82
"000261/2015/SAS/CAT";"Lectores codigo barras. Distrito Sanitario Sevilla";"";"SAS";"Suministro";"Contrato Menor";417,06
"001778/2014/SAS/CAT";"adquisición ordenadores Distrito Aljarafe-Sevilla Norte";"";"SAS";"Suministro";"Contrato Menor";13461,25
"000436/2015/SAS/CAT";"ADQUISICIÓN DE RETROPROYECTORES Y PANTALLAS";"";"SAS";"Suministro";"Contrato Menor";1031,5
"000147/2015/SAS/CAT";"ADQUISIÓN DE 80 IMPRESORAS PARA LOS HOSPITALES UNIVERSITARIOS REGIONAL Y VIRGEN DE LA VICTORIA DE MÁLAGA";"ADQUISIÓN DE 80 IMPRESORAS PARA LOS HOSPITALES UNIVERSITARIOS REGIONAL Y VIRGEN DE LA VICTORIA DE MÁLAGA";"SAS";"Suministro";"Contrato Menor";25804,8
"000311/2015/SAS/CAT";"ESTACIONES DE TRABAJO PARA EL NUEVO PACS CORPORATIVO EN EL HOSPITAL JUAN RAMON JIMENEZ";"";"SAS";"Suministro";"Contrato Menor";18527,52
"000551/2014/SAS/CAT";"2014_02_24 Portatil Direccion Asistencial";"Distrito Saniitario Sevilla";"SAS";"Obra";"Encargo de ejecución";613,47
"000536/2014/SAS/CAT";"Distrito Sanitario Sevilla. Portatil Dirección";"";"SAS";"Suministro";"Contrato Menor";0
"001152/2014/SAS/CAT";"Adquisicion de 10 PC¿s para Distrito Sanitario Sevilla";"";"SAS";"Suministro";"Contrato Menor";7429,4
"001541/2014/SAS/CAT";"Adquisicion de impresoras para Distrito Sanitario Sevilla";"Adquisicion de 20 impresoras para Distrito Sanitario Sevilla";"SAS";"Suministro";"Contrato Menor";7164,4
"002559/2014/SAS/CAT";"Portatiles para la Coordinacion de Transplantes del Hospital Juan Ramon Jimenez";"";"SAS";"Suministro";"Contrato Menor";1738,28
"001151/2014/SAS/CAT";"Adquisicion de 1 proyector multimedia";"";"SAS";"Suministro";"Contrato Menor";502,15
"000335/2015/SAS/CAT";"5 Ordenadores. Distrito Sevilla";"5 Ordenadores. Distrito Sevilla";"SAS";"Suministro";"Contrato Menor";3623,95
"002419/2014/SAS/CAT";"Adquisición de un ordenador portátil para la sala de curas de Maxilofacial del H.U. Reina Sofía";"Adquisición de un ordenador portátil para la sala de curas de Maxilofacial del H.U. Reina Sofía";"SAS";"Suministro";"Contrato Menor";1643,18
"000555/2014/SAS/CAT";"PCs Distrito";"Distrito Sanitario Sevilla";"SAS";"Suministro";"Contrato Menor";0
"000553/2014/SAS/CAT";"Proyector C.S. Alcosa";"Distrito Sanitario Sevilla";"SAS";"Suministro";"Contrato Menor";502,15
"000340/2014/SAS/CAT";"compra de ordenadores";"";"SAS";"Suministro";"Contrato Menor";0
"000025/2015/SAS/CAT";"Pantalla mod.TTL E23/HDMI ref. catrálogo nº 322.291.028.510";"";"SAS";"Suministro";"Contrato Menor";267,41
"000259/2015/SAS/CAT";"Adquisicion impresora. Distrito Sanitario Sevilla";"";"SAS";"Suministro";"Contrato Menor";258,99
"000537/2014/SAS/CAT";"2014_02_24 Portatil Direccion Asistencial";"";"SAS";"Suministro";"Contrato Menor";0
"001640/2014/SAS/CAT";"Ordenador portatil para direccion UGC Mallen-Huerta del Rey";"";"SAS";"Suministro";"Contrato Menor";624,36
